committee,committee_type,expenditure_amount,expenditure_date,recipient,city,state,zip,expenditure_type,explanation
SAFE AND HEALTHY COLORADO,Issue Committee,132.55,2024-01-01 00:00:00,Google,Mountain View,CA,94043,Advertising,
SAFE AND HEALTHY COLORADO,Issue Committee,358.53,2025-01-01 00:00:00,Google,Mountain View,CA,94043,Advertising,
SAFE AND HEALTHY COLORADO,Issue Committee,114.31,2024-01-02 00:00:00,Paragon Payment Solutions,Tempe,AZ,85282,Bank Fees,
CATS AREN'T TROPHIES,Issue Committee,108.47,2025-01-02 00:00:00,Paragon Solution,Tempe,AZ,85282,Bank Fees,
COLORADANS FOR ACCOUNTABILITY,Issue Committee,750.0,2025-01-02 00:00:00,Rkg Development,Lafayette,CO,80026,Consultant & Professional Services,Compliance Consulting
COLORADANS FOR PROTECTING REPRODUCTIVE FREEDOM,Issue Committee,8600.0,2025-01-02 00:00:00,Rkg Development,Lafayette,CO,80026,Consultant & Professional Services,
COLORADANS FOR PROTECTING REPRODUCTIVE FREEDOM,Issue Committee,8000.0,2025-01-02 00:00:00,Scarlett Greene,Denver,CO,80206,Consultant & Professional Services,
GREAT EDUCATION COLORADO ISSUE COMMITTEE,Issue Committee,500.0,2025-01-02 00:00:00,Rkg Development,Lafayette,CO,80026,Consultant & Professional Services,Compliance Consulting
SAFE AND HEALTHY COLORADO,Issue Committee,22.7,2025-01-02 00:00:00,Paragon Payment Solutions,Tempe,AZ,85282,Bank Fees,
COLORADANS FOR PROTECTING REPRODUCTIVE FREEDOM,Issue Committee,3326.31,2025-01-03 00:00:00,Corazon Printing,Broomfield,CO,80020,Other,Mugs
COLORADO LIFE INITIATIVE,Issue Committee,15.25,2025-01-03 00:00:00,Cornerstone Merchant Services,Las Vegas,NV,89117,Bank Fees,Credit Card Processing Fees 12/3/24-12/16-24
VOTER RIGHTS COLORADO,Issue Committee,1500.0,2025-01-03 00:00:00,Scarlett Greene,Denver,CO,80206,Consultant & Professional Services,
CATS AREN'T TROPHIES,Issue Committee,2686.12,2025-01-06 00:00:00,Alpha Graphics,Glendale,CO,80246,Other,Printing
CATS AREN'T TROPHIES,Issue Committee,30.0,2025-01-06 00:00:00,Jp Morgan Chase,Denver,CO,80291,Bank Fees,
PUBLIC SCHOOLS STRONG,Issue Committee,500.0,2025-01-06 00:00:00,Scarlett Greene,Denver,CO,80206,Consultant & Professional Services,
COLORADO VOTERS FIRST DBA YES ON 131,Issue Committee,56.47,2025-01-07 00:00:00,"Bill.Com, Llc",San Jose,CA,95002,Other,Accounting Software
PROTECT LOCAL CONTROL,Issue Committee,94.0,2025-01-08 00:00:00,Ireland Stapleton Pryor & Pascoe,Denver,CO,80202,Other,Anticipated Legal Fees For Terminating The Committee.
PROTECT LOCAL CONTROL,Issue Committee,79.56,2025-01-08 00:00:00,Special District Association,Denver,CO,80203,Contributions,Donation To Sda To Clear Funds From Committee In Order To Terminate Committee.
VOTER RIGHTS COLORADO,Issue Committee,7150.0,2025-01-08 00:00:00,Coloradans For Accessible And Secure Elections,Denver,CO,80206,Contributions,
COLORADANS FOR PROTECTING REPRODUCTIVE FREEDOM,Issue Committee,70.0,2025-01-09 00:00:00,Tierney Lawrence Stiles,Denver,CO,80203,Consultant & Professional Services,
KEEP COLORADO COLORADO,Issue Committee,94.0,2025-01-09 00:00:00,Ireland Stapleton,Denver,CO,80202,Other,Estimated Legal Fees Related To The Closing Of The Committee.
KEEP COLORADO COLORADO,Issue Committee,73.98,2025-01-09 00:00:00,Special District Association,Denver,CO,80203,Contributions,Contributions Returned To Sda To Close Out The Committee.
YES ON JJ,Issue Committee,1500.0,2025-01-09 00:00:00,Keating Research,Mountain Village,CO,81435,Consultant & Professional Services,Research
YES ON JJ,Issue Committee,3205.0,2025-01-09 00:00:00,Freestone Strategies,Denver,CO,80231,Consultant & Professional Services,Campaign Management
COLORADANS FOR PROTECTING REPRODUCTIVE FREEDOM,Issue Committee,65.0,2025-01-10 00:00:00,Quickbooks,Mountain View,CA,94043,Office Equipment & Supplies,
"PROTECTING COLORADOíS ENVIRONMENT, ECONOMY, AND ENERGY INDEPENDENCE (PROTECT COLORADO)",Issue Committee,2400.0,2025-01-10 00:00:00,"Strategic Compliance, Llc",Denver,CO,80205,Consultant & Professional Services,
COLORADANS FOR ACCOUNTABILITY,Issue Committee,20.38,2025-01-13 00:00:00,Fortis Private Bank,Denver,CO,80202,Bank Fees,
COLORADO LIFE INITIATIVE,Issue Committee,330.55,2025-01-13 00:00:00,Flocknote,Magnolia,TX,77354,Miscellaneous,Software Fees 12/11/24-1/11/25
LET KIDS BE KIDS,Issue Committee,35.0,2025-01-13 00:00:00,Campaign Partner,Still River,MA,01467,Advertising,Campaign Software - Web
VOTE NO ON 79,Issue Committee,35.0,2025-01-13 00:00:00,Constant Contact,Waltham,MA,02451,Advertising,
VOTER RIGHTS COLORADO,Issue Committee,2351.26,2025-01-13 00:00:00,Scarlett Greene,Denver,CO,80206,Consultant & Professional Services,
COLORADO VOTERS FIRST DBA YES ON 131,Issue Committee,4954.0,2025-01-14 00:00:00,Sherman & Howard L.L.C.,Denver,CO,80202,Other,Legal Services
COLORADO VOTERS FIRST DBA YES ON 131,Issue Committee,4564.0,2025-01-14 00:00:00,Sherman & Howard L.L.C.,Denver,CO,80202,Other,Legal Services
COLORADANS FOR THE PROTECTION OF WOMEN AND CHILDREN,Issue Committee,9.95,2025-01-15 00:00:00,Alpine Bank,Glenwood Springs,CO,81601,Bank Fees,Monthly Bank Svc Charge
COLORADO VOTERS FIRST DBA YES ON 131,Issue Committee,3000.0,2025-01-15 00:00:00,"Eis Solutions, Llc D/B/A 76 Group",Denver,CO,80231,Other,Data Reimbursement
LET KIDS BE KIDS,Issue Committee,9.55,2025-01-15 00:00:00,Alpine Bank,Glenwood Springs,CO,81601,Bank Fees,Monthly Bank Fee
CATS AREN'T TROPHIES,Issue Committee,159.0,2025-01-16 00:00:00,"Labyrinth, Inc.",Carlsbad,CA,92013,Consultant & Professional Services,Compliance Consultants
COLORADANS FOR PROTECTING REPRODUCTIVE FREEDOM,Issue Committee,7106.49,2025-01-16 00:00:00,Simple Majority,Missoula,MT,59801,Consultant & Professional Services,
YES ON JJ,Issue Committee,512.33,2025-01-16 00:00:00,Zack'S Bar-B-Que,Hotchkiss,CO,81419,Gifts,
CATS AREN'T TROPHIES,Issue Committee,283.18,2025-01-21 00:00:00,Jacqueline  Aaron,Boulder,CO,80304,Travel & Lodging,
VOTE NO ON 79,Issue Committee,36.0,2025-01-21 00:00:00,Squarespace,New York,NY,10014,Advertising,
SAFE AND HEALTHY COLORADO,Issue Committee,450.0,2024-01-22 00:00:00,Active Roots Consulting,Seattle,WA,98103-8934,Consultant & Professional Services,
COLORADANS FOR PROTECTING REPRODUCTIVE FREEDOM,Issue Committee,956.0,2025-01-22 00:00:00,Blue Mountain Strategies,Denver,CO,80223,Consultant & Professional Services,
"PROTECTING COLORADOíS ENVIRONMENT, ECONOMY, AND ENERGY INDEPENDENCE (PROTECT COLORADO)",Issue Committee,1750.0,2025-01-23 00:00:00,Dwc Cpas,Grand Junction,CO,81502,Consultant & Professional Services,
FIREFIGHTERS FOR PUBLIC SAFETY,Issue Committee,36.14,2025-01-27 00:00:00,,,,,Bank Fees,Bank Purchase Checkbook Dfdfcu
KEEP COLORADO MOVING,Issue Committee,13.65,2025-01-27 00:00:00,E-File Magic,Portland,OR,97294,Other,Tax Expenses
LET KIDS BE KIDS,Issue Committee,17.21,2025-01-27 00:00:00,Zoom,San Jose,CA,95113,Office Equipment & Supplies,Monthly Meeting Subscription
PUBLIC SCHOOLS STRONG,Issue Committee,500.0,2025-01-27 00:00:00,Scarlett Greene,Denver,CO,80206,Consultant & Professional Services,
YES ON JJ,Issue Committee,2669.42,2025-01-28 00:00:00,Rkg Development,Superior,CO,80027,Consultant & Professional Services,Compliance Services
FRIENDS OF THE GONDOLA,Issue Committee,13300.0,2025-01-29 00:00:00,Fort Partners,Fort Lauderdale,FL,33309,Other,Returned Funds.. Campaign Closed.
FRIENDS OF THE GONDOLA,Issue Committee,13300.0,2025-01-29 00:00:00,Telluride Mountain Village Owners Association,Mountain Village,CO,81435,Other,Returned Funds. Campaign Close.
FRIENDS OF THE GONDOLA,Issue Committee,2100.0,2025-01-29 00:00:00,Shaw Construction,Denver,CO,80223,Other,Returned Funds. Campaign Closed.
FRIENDS OF THE GONDOLA,Issue Committee,1216.05,2025-01-29 00:00:00,Kerry  Donovan,Vail,CO,81657,Consultant & Professional Services,"Expenses - Postage, Supplies"
PUBLIC SCHOOLS STRONG,Issue Committee,10.0,2025-01-31 00:00:00,,,,,Bank Fees,
THE GOOD INITIATIVES,Issue Committee,3.0,2025-01-31 00:00:00,Elevations,Boulder,CO,80301,Bank Fees,Bank Statement Fee
WESTERN HERITAGE CONSERVATION ALLIANCE,Issue Committee,55.0,2025-01-31 00:00:00,Umb Bank,Denver,CO,80224,Bank Fees,Bank Fee
SAFE AND HEALTHY COLORADO,Issue Committee,428.4,2025-02-01 00:00:00,Google,Mountain View,CA,94043,Advertising,
SAFE AND HEALTHY COLORADO,Issue Committee,29.37,2024-02-02 00:00:00,Paragon Payment Solutions,Tempe,AZ,85282,Bank Fees,
COLORADANS FOR ACCOUNTABILITY,Issue Committee,25.0,2025-02-02 00:00:00,E-File Magic,Portland,OR,97294,Office Equipment & Supplies,1099 Softare
CATS AREN'T TROPHIES,Issue Committee,176.14,2025-02-03 00:00:00,Paragon Solution,Tempe,AZ,85282,Bank Fees,
SAFE AND HEALTHY COLORADO,Issue Committee,22.78,2025-02-03 00:00:00,Paragon Payment Solutions,Tempe,AZ,85282,Bank Fees,
SAFE AND HEALTHY COLORADO,Issue Committee,-22.78,2025-02-03 00:00:00,Paragon Payment Solutions,Tempe,AZ,85282,Bank Fees,Offset Due To Update Of Filed Item
SAFE AND HEALTHY COLORADO,Issue Committee,22.78,2025-02-03 00:00:00,Paragon Payment Solutions,Tempe,AZ,85282,Miscellaneous,
COLORADO LIFE INITIATIVE,Issue Committee,7.1,2025-02-04 00:00:00,Cornerstone Merchant Services,Las Vegas,NV,89117,Bank Fees,Credit Card Processing Fees 1/3/25-1/16/25
JUSTICE FOR ABUSED CHILDREN,Issue Committee,2.0,2025-02-04 00:00:00,First Bank,Wheat Ridge,CO,80033,Bank Fees,
CATS AREN'T TROPHIES,Issue Committee,30.0,2025-02-05 00:00:00,Jp Morgan Chase,Denver,CO,80291,Bank Fees,
CITIZENS FOR ARTS TO ZOO,Issue Committee,900.0,2025-02-05 00:00:00,Kk Ciruli Cpa,San Clemente,CA,92672,Consultant & Professional Services,
COLORADANS FOR PROTECTING REPRODUCTIVE FREEDOM,Issue Committee,1491.4,2025-02-05 00:00:00,Winning Mark,Portland,OR,97214,Consultant & Professional Services,
COLORADO VOTERS FIRST DBA YES ON 131,Issue Committee,55.49,2025-02-05 00:00:00,"Bill.Com, Llc",San Jose,CA,95002,Other,Accounting Software
SAFE AND HEALTHY COLORADO,Issue Committee,12000.0,2025-02-05 00:00:00,350 Colorado,Boulder,CO,80304,Contributions,
COLORADANS FOR PROTECTING REPRODUCTIVE FREEDOM,Issue Committee,1491.55,2025-02-06 00:00:00,Corazon Printing,Broomfield,CO,80020,Other,Mugs
VOTE NO ON 79,Issue Committee,35.0,2025-02-11 00:00:00,Constant Contact,Waltham,MA,02451,Advertising,
COLORADANS FOR ACCOUNTABILITY,Issue Committee,19.98,2025-02-12 00:00:00,Fortis Private Bank,Denver,CO,80202,Bank Fees,
COLORADO LIFE INITIATIVE,Issue Committee,232.0,2025-02-12 00:00:00,Flocknote,Magnolia,TX,77354,Miscellaneous,Software Fees 2/11/25-3/11/25
LET KIDS BE KIDS,Issue Committee,35.0,2025-02-13 00:00:00,Campaign Partner,Still River,MA,01467,Advertising,Campaign Software - Web
COLORADANS FOR THE PROTECTION OF WOMEN AND CHILDREN,Issue Committee,9.96,2025-02-14 00:00:00,Alpine Bank,Glenwood Springs,CO,81601,Bank Fees,Monthly Bank Svc Charge
LET KIDS BE KIDS,Issue Committee,9.58,2025-02-14 00:00:00,Alpine Bank,Glenwood Springs,CO,81601,Bank Fees,Monthly Bank Fee
COLORADO SUPPORTS CRIME VICTIM SERVICES,Issue Committee,1000.0,2025-02-18 00:00:00,Philanthropy Experts,Denver,CO,80250,Consultant & Professional Services,
COLORADANS FOR ACCOUNTABILITY,Issue Committee,2625.0,2025-02-19 00:00:00,Tierney Lawrence Stiles Llc,Denver,CO,80203,Consultant & Professional Services,Legal Services
COLORADANS FOR PROTECTING REPRODUCTIVE FREEDOM,Issue Committee,1500.0,2025-02-20 00:00:00,Simple Majority,Missoula,MT,59801,Consultant & Professional Services,
COLORADO ADVOCATES FOR SMART WOLF POLICY,Issue Committee,7210.42,2025-02-20 00:00:00,Patrick Davis Consulting Llc,Colorado Springs,CO,80919,Consultant & Professional Services,
VOTE NO ON 79,Issue Committee,36.0,2025-02-21 00:00:00,Squarespace,New York,NY,10014,Advertising,
COLORADANS FOR PROTECTING REPRODUCTIVE FREEDOM,Issue Committee,8003.48,2025-02-24 00:00:00,Scarlett Greene,Denver,CO,80206,Consultant & Professional Services,
KEEP COLORADO MOVING,Issue Committee,539.92,2025-02-25 00:00:00,Hilltop Public Solutions,Washington,DC,20007,Consultant & Professional Services,
LET KIDS BE KIDS,Issue Committee,17.21,2025-02-25 00:00:00,Zoom,San Jose,CA,95113,Advertising,Electronic Meeting Software
SAFE AND HEALTHY COLORADO,Issue Committee,198.75,2024-02-27 00:00:00,Subculture Denver,Denver,CO,80203,"Food, Beverages and Meals",
SAFE AND HEALTHY COLORADO,Issue Committee,674.59,2024-02-27 00:00:00,Subculture Denver,Denver,CO,80203,"Food, Beverages and Meals",
THE GOOD INITIATIVES,Issue Committee,3.0,2025-02-28 00:00:00,Elevations,Boulder,CO,80301,Bank Fees,Bank Statement Fee
WESTERN HERITAGE CONSERVATION ALLIANCE,Issue Committee,55.0,2025-02-28 00:00:00,Umb Bank,Denver,CO,80224,Bank Fees,Bank Fee
SAFE AND HEALTHY COLORADO,Issue Committee,79.97,2024-03-01 00:00:00,Google,Mountain View,CA,94043,Advertising,
SAFE AND HEALTHY COLORADO,Issue Committee,378.89,2025-03-01 00:00:00,Google,Mountain View,CA,94043,Advertising,
CATS AREN'T TROPHIES,Issue Committee,57.43,2025-03-03 00:00:00,Paragon Solution,Tempe,AZ,85282,Bank Fees,
PUBLIC SCHOOLS STRONG,Issue Committee,500.0,2025-03-03 00:00:00,Scarlett Greene,Denver,CO,80206,Consultant & Professional Services,
SAFE AND HEALTHY COLORADO,Issue Committee,22.32,2025-03-03 00:00:00,Paragon Payment Solutions,Tempe,AZ,85282,Bank Fees,
SAFE AND HEALTHY COLORADO,Issue Committee,22.39,2024-03-04 00:00:00,Paragon Payment Solutions,Tempe,AZ,85282,Bank Fees,
COLORADO LIFE INITIATIVE,Issue Committee,18.39,2025-03-04 00:00:00,Cornerstone Merchant Services,Las Vegas,NV,89117,Bank Fees,Credit Card Processing Fees 2/3/25-2/22-25
JUSTICE FOR ABUSED CHILDREN,Issue Committee,2.0,2025-03-04 00:00:00,First Bank,Wheat Ridge,CO,80033,Bank Fees,
CATS AREN'T TROPHIES,Issue Committee,30.0,2025-03-05 00:00:00,Jp Morgan Chase,Denver,CO,80291,Bank Fees,
COLORADO VOTERS FIRST DBA YES ON 131,Issue Committee,55.0,2025-03-05 00:00:00,"Bill.Com, Llc",San Jose,CA,95002,Other,Accounting Software
COLORADO LIFE INITIATIVE,Issue Committee,519.43,2025-03-11 00:00:00,Life Support Inc.,Fort Collins,CO,80527,Advertising,Printing & S&H
VOTE NO ON 79,Issue Committee,35.0,2025-03-11 00:00:00,Constant Contact,Waltham,MA,02451,Advertising,
COLORADANS FOR ACCOUNTABILITY,Issue Committee,20.0,2025-03-12 00:00:00,Fortis Private Bank,Denver,CO,80202,Bank Fees,
COLORADO ADVOCATES FOR SMART WOLF POLICY,Issue Committee,3099.47,2025-03-12 00:00:00,Patrick Davis Consulting Llc,Colorado Springs,CO,80919,Consultant & Professional Services,
COLORADO LIFE INITIATIVE,Issue Committee,272.0,2025-03-12 00:00:00,Flocknote,Magnolia,TX,77354,Miscellaneous,Software Fees 2/11/25-3/11/25
COLORADANS FOR PROTECTING REPRODUCTIVE FREEDOM,Issue Committee,50.0,2025-03-13 00:00:00,Colorado Secretary Of State,Denver,CO,80290,Other,Fcpa Penalty
LET KIDS BE KIDS,Issue Committee,35.0,2025-03-13 00:00:00,Campaign Partner,Still River,MA,01467,Advertising,Campaign Software - Web
SAFE AND HEALTHY COLORADO,Issue Committee,1250.0,2024-03-14 00:00:00,76 Words,Washington,DC,20001,Advertising,
COLORADANS FOR THE PROTECTION OF WOMEN AND CHILDREN,Issue Committee,9.97,2025-03-14 00:00:00,Alpine Bank,Glenwood Springs,CO,81601,Bank Fees,Monthly Bank Svc Charge
LET KIDS BE KIDS,Issue Committee,9.69,2025-03-14 00:00:00,Alpine Bank,Glenwood Springs,CO,81601,Bank Fees,Monthly Bank Fee
CITIZENS FOR ARTS TO ZOO,Issue Committee,6250.0,2025-03-17 00:00:00,Colorado Legislative Strategies Llc,Denver,CO,80203,Consultant & Professional Services,
COALITION TO RECALL GORDON MCLAUGHLIN,Issue Committee,2.63,2025-03-18 00:00:00,Donorbox,Alexandria,VA,22307,Bank Fees,Card Processing Fees
SAFE AND HEALTHY COLORADO,Issue Committee,4179.0,2024-03-19 00:00:00,Navigate Campaigns,Washington,DC,20011,Advertising,
COALITION TO RECALL GORDON MCLAUGHLIN,Issue Committee,2.63,2025-03-19 00:00:00,Donorbox,Alexandria,VA,22307,Bank Fees,Card Processing Fees
COALITION TO RECALL GORDON MCLAUGHLIN,Issue Committee,2.63,2025-03-19 00:00:00,Donorbox,Alexandria,VA,22307,Bank Fees,Card Processing Fees
COLORADANS FOR ACCOUNTABILITY,Issue Committee,313.76,2025-03-19 00:00:00,Hilltop Public Solutions,Washington,DC,20007,Office Equipment & Supplies,Squarespace/Website Renewal
COALITION TO RECALL GORDON MCLAUGHLIN,Issue Committee,2.63,2025-03-20 00:00:00,Donorbox,Alexandria,VA,22307,Bank Fees,Card Processing Fee
COALITION TO RECALL GORDON MCLAUGHLIN,Issue Committee,11.93,2025-03-21 00:00:00,Donorbox,Alexandria,VA,22307,Bank Fees,Card Processing Fee
VOTE NO ON 79,Issue Committee,36.0,2025-03-21 00:00:00,Squarespace,New York,NY,10014,Advertising,
COALITION TO RECALL GORDON MCLAUGHLIN,Issue Committee,4.95,2025-03-25 00:00:00,Donorbox,Alexandria,VA,22307,Bank Fees,Card Processing Fee
LET KIDS BE KIDS,Issue Committee,17.21,2025-03-25 00:00:00,Zoom,San Jose,CA,95113,Advertising,Electronic Meeting Application
SAFE AND HEALTHY COLORADO,Issue Committee,264.56,2024-03-26 00:00:00,Switchboard,Washington,DC,20033,Advertising,
CATS AREN'T TROPHIES,Issue Committee,4075.0,2025-03-27 00:00:00,"Thomas Mangelsen, Inc",Omaha,NE,68145,Fundraising Expenses,Art For Auction Fundraiser
CITIZENS FOR ARTS TO ZOO,Issue Committee,13932.5,2025-03-27 00:00:00,Ciruli Associates,San Clemente,CA,92674,Consultant & Professional Services,
COLORADANS FOR SMART JUSTICE,Issue Committee,630.6,2025-03-31 00:00:00,,,,,Bank Fees,Bank Fees
COLORADO ADVOCATES FOR SMART WOLF POLICY,Issue Committee,1001.87,2025-03-31 00:00:00,Efundraising Connections,Sacramento,CA,95816,Bank Fees,
COLORADO LIFE INITIATIVE,Issue Committee,498.75,2025-03-31 00:00:00,Life Support Inc.,Fort Collins,CO,80527,Advertising,Design Work For Magazine. Invoice Not Yet Paid
COLORADO LIFE INITIATIVE,Issue Committee,270.42,2025-03-31 00:00:00,Life Support Inc.,Fort Collins,CO,80527,Advertising,Printing Of Info Cards. Invoice Not Yet Paid.
COLORADO LIFE INITIATIVE,Issue Committee,-498.75,2025-03-31 00:00:00,Life Support Inc.,Fort Collins,CO,80527,Advertising,Offset Due To Update Of Filed Item - Design Work For Magazine. Invoice Not Yet Paid
COLORADO LIFE INITIATIVE,Issue Committee,-270.42,2025-03-31 00:00:00,Life Support Inc.,Fort Collins,CO,80527,Advertising,Offset Due To Update Of Filed Item - Printing Of Info Cards. Invoice Not Yet Paid.
COLORADO VOTERS FIRST DBA YES ON 131,Issue Committee,2.0,2025-03-31 00:00:00,Firstbank,Denver,CO,80231,Bank Fees,
THE GOOD INITIATIVES,Issue Committee,3.0,2025-03-31 00:00:00,Elevations,Boulder,CO,80301,Bank Fees,Bank Statement Fee
WESTERN HERITAGE CONSERVATION ALLIANCE,Issue Committee,55.0,2025-03-31 00:00:00,Umb Bank,Denver,CO,80224,Bank Fees,Bank Fee
SAFE AND HEALTHY COLORADO,Issue Committee,299.26,2024-04-01 00:00:00,Google,Mountain View,CA,94043,Advertising,
GO AMERICA PAC - CO,Issue Committee,89.4,2025-04-01 00:00:00,Endeavor Bank,San Diego,CA,92101,Bank Fees,
GO AMERICA PAC - CO,Issue Committee,1391.2,2025-04-01 00:00:00,Tthm.Com,Golden,CO,80401,Advertising,
NO LITTLE KINGS IN DOUGLAS COUNTY,Issue Committee,345.55,2025-04-01 00:00:00,Vistaprint,Waltham,MA,02451,Office Equipment & Supplies,Postcards
SAFE AND HEALTHY COLORADO,Issue Committee,428.92,2025-04-01 00:00:00,Google,Mountain View,CA,94043,Advertising,
SAFE AND HEALTHY COLORADO,Issue Committee,22.06,2024-04-02 00:00:00,Paragon Payment Solutions,Tempe,AZ,85282,Bank Fees,
CATS AREN'T TROPHIES,Issue Committee,59.88,2025-04-02 00:00:00,Paragon Solution,Tempe,AZ,85282,Bank Fees,
COLORADO ADVOCATES FOR SMART WOLF POLICY,Issue Committee,6288.53,2025-04-02 00:00:00,Kltv,Colorado Springs,CO,80919,Consultant & Professional Services,"Good Bull Outdoors $2,565 T-Shirts $1457
Digital Ads $360 Printing $196 Fundraising Costs $554"
JUSTICE FOR ABUSED CHILDREN,Issue Committee,2.0,2025-04-02 00:00:00,First Bank,Wheat Ridge,CO,80033,Bank Fees,
SAFE AND HEALTHY COLORADO,Issue Committee,22.6,2025-04-02 00:00:00,Paragon Payment Solutions,Tempe,AZ,85282,Miscellaneous,
CATS AREN'T TROPHIES,Issue Committee,30.0,2025-04-03 00:00:00,Jp Morgan Chase,Denver,CO,80291,Bank Fees,
COLORADO LIFE INITIATIVE,Issue Committee,7.1,2025-04-03 00:00:00,Cornerstone Merchant Services,Las Vegas,NV,89117,Bank Fees,Payment Processing Fees 3/3/25-3/16/25
NO LITTLE KINGS IN DOUGLAS COUNTY,Issue Committee,56.97,2025-04-03 00:00:00,Amazon,Seattle,WA,98109,Office Equipment & Supplies,
SAFE AND HEALTHY COLORADO,Issue Committee,50.0,2024-04-04 00:00:00,Colorado Secretary Of State,Denver,CO,80290,Other,"Penalty Fee For Late Filing From July 2022, Invoice #2022E000532"
CITIZENS FOR ARTS TO ZOO,Issue Committee,900.0,2025-04-04 00:00:00,Kk  Ciruli,San Clemente,CA,92672,Consultant & Professional Services,
CITIZENS FOR ARTS TO ZOO,Issue Committee,5000.0,2025-04-05 00:00:00,Scientific And Cultural Facilities District,Denver,CO,80204,Contributions,
COLORADANS FOR ACCOUNTABILITY,Issue Committee,750.0,2025-04-05 00:00:00,Rkg Development,Superior,CO,80027,Consultant & Professional Services,Compliance Consulting
WESTERN HERITAGE CONSERVATION ALLIANCE,Issue Committee,1956.75,2025-04-05 00:00:00,76 Group,Denver,CO,80231,Consultant & Professional Services,Consulting Fees
COLORADO VOTERS FIRST DBA YES ON 131,Issue Committee,55.0,2025-04-07 00:00:00,"Bill.Com, Llc",San Jose,CA,95002,Other,Accounting Software
COALITION TO RECALL GORDON MCLAUGHLIN,Issue Committee,500.0,2025-04-08 00:00:00,Austin  Henckel,Ft Collins,CO,80526,Consultant & Professional Services,Media Consulting/Video
NO LITTLE KINGS IN DOUGLAS COUNTY,Issue Committee,2800.0,2025-04-08 00:00:00,Post Office,Highlands Ranch,CO,80130,Office Equipment & Supplies,Postage
"PROTECTING COLORADOíS ENVIRONMENT, ECONOMY, AND ENERGY INDEPENDENCE (PROTECT COLORADO)",Issue Committee,2400.0,2025-04-09 00:00:00,"Strategic Compliance, Llc",Denver,CO,80205,Consultant & Professional Services,
VOTE NO ON 79,Issue Committee,35.0,2025-04-11 00:00:00,Constant Contact,Waltham,MA,02451,Advertising,
COLORADO LIFE INITIATIVE,Issue Committee,498.75,2025-04-13 00:00:00,Life Support Inc.,Fort Collins,CO,80527,Advertising,Design Work For Magazine. Invoice Billed 3/31/25 Paid 4/13/25 Ck 1240
COLORADO LIFE INITIATIVE,Issue Committee,270.42,2025-04-13 00:00:00,Life Support Inc.,Fort Collins,CO,80527,Advertising,Printing Of Info Cards. Invoice Billed 3/31/25 Paid 4/13/25 Ck 1240
COLORADANS FOR THE PROTECTION OF WOMEN AND CHILDREN,Issue Committee,9.99,2025-04-14 00:00:00,Alpine Bank,Glenwood Springs,CO,81601,Bank Fees,Monthly Bank Fee
COLORADO LIFE INITIATIVE,Issue Committee,232.0,2025-04-14 00:00:00,Flocknote,Magnolia,TX,77354,Miscellaneous,Software Fees 4/11/25-5/11/25
COLORADANS FOR ACCOUNTABILITY,Issue Committee,20.18,2025-04-15 00:00:00,Fortis Private Bank,Denver,CO,80202,Bank Fees,
COLORADO ADVOCATES FOR SMART WOLF POLICY,Issue Committee,1500.0,2025-04-15 00:00:00,William  Baber,La Mesa,CA,91942,Consultant & Professional Services,
COLORADO VOTERS FIRST DBA YES ON 131,Issue Committee,1462.0,2025-04-15 00:00:00,Taft Stettinius & Hollister Llp,Denver,CO,80202,Other,Legal Services
COLORADO VOTERS FIRST DBA YES ON 131,Issue Committee,8109.5,2025-04-15 00:00:00,Taft Stettinius & Hollister Llp,Denver,CO,80202,Other,Legal Services
COLORADANS FOR SMART JUSTICE,Issue Committee,3354.8,2025-04-16 00:00:00,,,,,Miscellaneous,
COLORADO VOTERS FIRST DBA YES ON 131,Issue Committee,3802.6,2025-04-16 00:00:00,Colorado Secretary Of State,Denver,CO,80290,Other,Payment
COLORADO VOTERS FIRST DBA YES ON 131,Issue Committee,260.0,2025-04-16 00:00:00,"Biz Accountpros, Llc",Conifer,CO,80433,Consultant & Professional Services,
COLORADO VOTERS FIRST DBA YES ON 131,Issue Committee,2020.76,2025-04-16 00:00:00,"Eis Solutions, Llc",Denver,CO,80231,Other,"Data Purchase, Reimbursements"
CITIZENS FOR ARTS TO ZOO,Issue Committee,26718.0,2025-04-21 00:00:00,Ciruli Associates,San Clemente,CA,92674,Consultant & Professional Services,
COALITION TO RECALL GORDON MCLAUGHLIN,Issue Committee,5.2,2025-04-21 00:00:00,Donorbox,Alexandria,VA,22307,Bank Fees,Card Processing Fees
SAFE AND HEALTHY COLORADO,Issue Committee,5000.0,2025-04-21 00:00:00,The Big Horn Company,Lakewood,CO,80226,Consultant & Professional Services,
VOTE NO ON 79,Issue Committee,36.0,2025-04-21 00:00:00,Squarespace,New York,NY,10014,Advertising,
NO LITTLE KINGS IN DOUGLAS COUNTY,Issue Committee,400.0,2025-04-22 00:00:00,Colorado Democratic Party,Denver,CO,80203,Other,Van
FIREFIGHTERS FOR PUBLIC SAFETY,Issue Committee,10837.79,2025-04-24 00:00:00,Corazon Printing,Broomfield,CO,80020,Consultant & Professional Services,Corazon Printing Mailers And Door Hangers
LET KIDS BE KIDS,Issue Committee,9.74,2025-04-24 00:00:00,Alpine Bank,Glenwood Springs,CO,81601,Bank Fees,Monthly Bank Fee
LET KIDS BE KIDS,Issue Committee,35.0,2025-04-24 00:00:00,Campaign Partner,Still River,MA,01467,Advertising,Website
LET KIDS BE KIDS,Issue Committee,17.21,2025-04-25 00:00:00,Zoom,San Jose,CA,95113,Advertising,Telecommunication Tool
FIREFIGHTERS FOR PUBLIC SAFETY,Issue Committee,10883.24,2025-04-26 00:00:00,C&D Printing Ñ A Br Company,Denver,CO,80229,Consultant & Professional Services,Cand D Br Printing Campaign Mailers And Door Hanger Printing
NO LITTLE KINGS IN DOUGLAS COUNTY,Issue Committee,676.18,2025-04-26 00:00:00,Vistaprint,Waltham,MA,02451,Office Equipment & Supplies,
JUSTICE FOR ABUSED CHILDREN,Issue Committee,7.65,2025-04-27 00:00:00,Act Blue,Somerville,MA,02144,Fundraising Expenses,
COLORADO VOTERS FIRST DBA YES ON 131,Issue Committee,2.0,2025-04-30 00:00:00,Firstbank,Denver,CO,80231,Other,Bank Fee
LET COMMUNITIES LEAD,Issue Committee,2.0,2025-04-30 00:00:00,First Bank,Brighton,CO,80601,Bank Fees,
RIGHT2LEARN EDUCATION AMENDMENT,Issue Committee,15.46,2025-04-30 00:00:00,Better World,,CO,,Bank Fees,
THE GOOD INITIATIVES,Issue Committee,3.0,2025-04-30 00:00:00,Elevations,Boulder,CO,80301,Bank Fees,Bank Statement Fee
SAFE AND HEALTHY COLORADO,Issue Committee,387.38,2024-05-01 00:00:00,Google,Mountain View,CA,94043,Advertising,
COALITION TO RECALL GORDON MCLAUGHLIN,Issue Committee,5.2,2025-05-01 00:00:00,Donorbox,Alexandria,VA,22307,Bank Fees,Card Processing Fees
COALITION TO RECALL GORDON MCLAUGHLIN,Issue Committee,2.75,2025-05-01 00:00:00,Donorbox,Alexandria,VA,22307,Bank Fees,Card Processing Fees
COALITION TO RECALL GORDON MCLAUGHLIN,Issue Committee,2.75,2025-05-01 00:00:00,Donorbox,Alexandria,VA,22307,Bank Fees,Card Processing Fees
FIREFIGHTERS FOR PUBLIC SAFETY,Issue Committee,5000.0,2025-05-01 00:00:00,200 Bay St. Unit # 2103,Toronto,ON,M5J 2J1,Consultant & Professional Services,"Stack Adapt Inc. Digital Campaigning, Social Media, And Electronic Campaign"
SAFE AND HEALTHY COLORADO,Issue Committee,188.14,2025-05-01 00:00:00,Google,Mountain View,CA,94043,Advertising,
SAFE AND HEALTHY COLORADO,Issue Committee,71.76,2024-05-02 00:00:00,Paragon Payment Solutions,Tempe,AZ,85282,Bank Fees,
CATS AREN'T TROPHIES,Issue Committee,29.3,2025-05-02 00:00:00,Paragon Solution,Tempe,AZ,85282,Bank Fees,
COLORADO ADVOCATES FOR SMART WOLF POLICY,Issue Committee,4751.15,2025-05-02 00:00:00,Kltv,Colorado Springs,CO,80919,Consultant & Professional Services,"Tthm (Texting) $512.24
Printing $1380.49
Postage $1123.78
T-Shirts $1456.64
Fundraising Costs $278"
COLORADO ADVOCATES FOR SMART WOLF POLICY,Issue Committee,500.0,2025-05-02 00:00:00,William  Baber,La Mesa,CA,91942,Consultant & Professional Services,
JUSTICE FOR ABUSED CHILDREN,Issue Committee,2.0,2025-05-02 00:00:00,First Bank,Wheat Ridge,CO,80033,Bank Fees,
SAFE AND HEALTHY COLORADO,Issue Committee,23.34,2025-05-02 00:00:00,Paragon Payment Solutions,Tempe,AZ,85282,Miscellaneous,
SAFE AND HEALTHY COLORADO,Issue Committee,40500.0,2024-05-03 00:00:00,Fairbank Maslin Co,Los Angeles,CA,90025-1211,Consultant & Professional Services,
FIREFIGHTERS FOR PUBLIC SAFETY,Issue Committee,3000.0,2025-05-03 00:00:00,"Stackadapt, 200 Bay St. Unit # 2103, Toronto, On M5J 2J1, Canada",Toronto,ON,M5J 2J1,Consultant & Professional Services,"Stack Adapt Inc. Digital Campaigning, Social Media, And Electronic Campaign"
NO LITTLE KINGS IN DOUGLAS COUNTY,Issue Committee,529.63,2025-05-03 00:00:00,Vistaprint,Waltham,MA,02451,Office Equipment & Supplies,
JUSTICE FOR ABUSED CHILDREN,Issue Committee,12.07,2025-05-04 00:00:00,Act Blue,Somerville,MA,02144,Fundraising Expenses,
NO LITTLE KINGS IN DOUGLAS COUNTY,Issue Committee,129.25,2025-05-04 00:00:00,Amazon,Seattle,WA,98109,Office Equipment & Supplies,
CATS AREN'T TROPHIES,Issue Committee,30.0,2025-05-05 00:00:00,Jp Morgan Chase,Denver,CO,80291,Bank Fees,
COLORADO LIFE INITIATIVE,Issue Committee,21.21,2025-05-05 00:00:00,Cornerstone Merchant Services,Las Vegas,NV,89117,Bank Fees,Payment Processing Fees 4/3/25-4/16/25
CITIZENS FOR ARTS TO ZOO,Issue Committee,6250.0,2025-05-06 00:00:00,Colorado Legislative Strategies,Denver,CO,80203,Consultant & Professional Services,
NO LITTLE KINGS IN DOUGLAS COUNTY,Issue Committee,7660.8,2025-05-06 00:00:00,Post Office,Highlands Ranch,CO,80130,Office Equipment & Supplies,
NO LITTLE KINGS IN DOUGLAS COUNTY,Issue Committee,168.08,2025-05-06 00:00:00,Vistaprint,Waltham,MA,02451,Office Equipment & Supplies,
COLORADO VOTERS FIRST DBA YES ON 131,Issue Committee,57.67,2025-05-07 00:00:00,"Bill.Com, Llc",San Jose,CA,95002,Other,Accounting Software
FIREFIGHTERS FOR PUBLIC SAFETY,Issue Committee,1883.04,2025-05-08 00:00:00,Chism Strategies,Clinton,MS,39060,Consultant & Professional Services,Chism Strategies  Text Campaign Ballot Measure A
COALITION TO RECALL GORDON MCLAUGHLIN,Issue Committee,24.8,2025-05-09 00:00:00,Donorbox,Alexandria,VA,22307,Bank Fees,Card Processing Fees
COLORADANS FOR ACCOUNTABILITY,Issue Committee,19.98,2025-05-12 00:00:00,Fortis Private Bank,Denver,CO,80202,Bank Fees,
COLORADO LIFE INITIATIVE,Issue Committee,252.0,2025-05-12 00:00:00,Flocknote,Magnolia,TX,77354,Miscellaneous,Software Fees 5/11/25-6/11/25
LET KIDS BE KIDS,Issue Committee,35.0,2025-05-13 00:00:00,Campaign Partner,Still River,MA,01467,Advertising,Website
COLORADANS FOR THE PROTECTION OF WOMEN AND CHILDREN,Issue Committee,10.25,2025-05-14 00:00:00,Alpine Bank,Glenwood Springs,CO,81601,Bank Fees,Monthly Bank Fee
LET KIDS BE KIDS,Issue Committee,9.82,2025-05-14 00:00:00,Alpine Bank,Glenwood Springs,CO,81601,Bank Fees,Monthly Bank Fee
NO LITTLE KINGS IN DOUGLAS COUNTY,Issue Committee,491.18,2025-05-15 00:00:00,Artist Proof Collective,Denver,CO,80204,Other,Sign
NO LITTLE KINGS IN DOUGLAS COUNTY,Issue Committee,12.23,2025-05-16 00:00:00,Vistaprint,Waltham,MA,02451,Office Equipment & Supplies,
COLORADO LIFE INITIATIVE,Issue Committee,1013.48,2025-05-26 00:00:00,Angela  Eicher,Fort Morgan,CO,80701,Advertising,"Payment To Fusion Sign And Design For Invoices 242015,242016,242018,242019 For Banners"
COLORADO LIFE INITIATIVE,Issue Committee,377.78,2025-05-27 00:00:00,Double R Embroidery,Fort Morgan,CO,80701,Miscellaneous,Pfl Lapel Pins
COLORADO LIFE INITIATIVE,Issue Committee,120.0,2025-05-27 00:00:00,United States Treasury,Kansas City,MO,64121-9256,Other,1096 Late Filing Fee
COLORADO VETERANS ACTION,Issue Committee,1.75,2025-05-27 00:00:00,Paypal/Stripe,,CO,,Bank Fees,Bank Fees For Donations Through Paypal
COLORADO VETERANS ACTION,Issue Committee,2.67,2025-05-27 00:00:00,Paypal/Stripe,,CO,,Bank Fees,Paypal/ Stripe Processing Fees
COLORADO VETERANS ACTION,Issue Committee,0.83,2025-05-27 00:00:00,Paypal/Stripe,,CO,,Bank Fees,
COLORADO VETERANS ACTION,Issue Committee,6.49,2025-05-27 00:00:00,Paypal/Stripe,,CO,,Bank Fees,
COLORADO VETERANS ACTION,Issue Committee,2.48,2025-05-27 00:00:00,Paypal/Stripe,,CO,,Bank Fees,
COLORADO VETERANS ACTION,Issue Committee,0.89,2025-05-27 00:00:00,Paypal/Stripe,,CO,,Bank Fees,
LET KIDS BE KIDS,Issue Committee,17.21,2025-05-27 00:00:00,Zoom,San Jose,CA,95113,Advertising,Telecommunication Meeting Service
COLORADO VETERANS ACTION,Issue Committee,2.67,2025-05-28 00:00:00,Paypal/Stripe,,CO,,Bank Fees,
GO AMERICA PAC - CO,Issue Committee,503.91,2025-05-28 00:00:00,William  Baber,Meridian,CO,83642,Consultant & Professional Services,
PUBLIC SCHOOLS STRONG,Issue Committee,250.0,2025-05-29 00:00:00,Scarlett Greene,Denver,CO,80206,Consultant & Professional Services,
PUBLIC SCHOOLS STRONG,Issue Committee,67.0,2025-05-29 00:00:00,1St Bank,Lakewood,CO,80215,Bank Fees,
COLORADO ADVOCATES FOR SMART WOLF POLICY,Issue Committee,50.0,2025-05-30 00:00:00,Quick Books - Intuit,Menlo Park,CA,94025,Bank Fees,
COLORADO LIFE INITIATIVE,Issue Committee,313.0,2025-05-30 00:00:00,The Event Helper,Denver,CO,80237,Consultant & Professional Services,Event Insurance
COLORADO VOTERS FIRST DBA YES ON 131,Issue Committee,2.0,2025-05-30 00:00:00,Firstbank,Denver,CO,80231,Other,Bank Fee
LET COMMUNITIES LEAD,Issue Committee,2.0,2025-05-30 00:00:00,First Bank,Brighton,CO,80601,Bank Fees,
IAM27J,Issue Committee,660.0,2025-05-31 00:00:00,Nationbuilder,Los Angeles,CA,90028,Consultant & Professional Services,Check #1702.
THE GOOD INITIATIVES,Issue Committee,3.0,2025-05-31 00:00:00,Elevations,Boulder,CO,80301,Bank Fees,Bank Statement Fee
SAFE AND HEALTHY COLORADO,Issue Committee,374.56,2024-06-01 00:00:00,Google,Mountain View,CA,94043,Advertising,
SAFE AND HEALTHY COLORADO,Issue Committee,463.72,2025-06-01 00:00:00,Google,Mountain View,CA,94043,Advertising,
SAFE AND HEALTHY COLORADO,Issue Committee,-463.72,2025-06-01 00:00:00,Google,Mountain View,CA,94043,Advertising,Offset Due To Update Of Filed Item
SAFE AND HEALTHY COLORADO,Issue Committee,463.72,2025-06-01 00:00:00,Google,Mountain View,CA,94043,Advertising,
CATS AREN'T TROPHIES,Issue Committee,30.45,2025-06-02 00:00:00,Paragon Solution,Tempe,AZ,85282,Bank Fees,
COLORADO LIFE INITIATIVE,Issue Committee,318.22,2025-06-02 00:00:00,Life Support Inc.,Fort Collins,CO,80527,Advertising,Info Cards + S&H
COLORADO LIFE INITIATIVE,Issue Committee,350.0,2025-06-02 00:00:00,Life Network,Peyton,CO,80831,Other,202 Wfl Booth
COLORADO VETERANS ACTION,Issue Committee,2.67,2025-06-02 00:00:00,Paypal/Stripe,,CO,,Bank Fees,
COLORADO VETERANS ACTION,Issue Committee,2.05,2025-06-02 00:00:00,Paypal/Stripe,,CO,,Bank Fees,
COLORADO VETERANS ACTION,Issue Committee,1.86,2025-06-02 00:00:00,Paypal/Stripe,,CO,,Bank Fees,
COLORADO VETERANS ACTION,Issue Committee,6.49,2025-06-02 00:00:00,Paypal/Stripe,,CO,,Bank Fees,
COLORADO VETERANS ACTION,Issue Committee,0.93,2025-06-02 00:00:00,Paypal/Stripe,,CO,,Bank Fees,
SAFE AND HEALTHY COLORADO,Issue Committee,22.37,2025-06-02 00:00:00,Paragon Payment Solutions,Tempe,AZ,85282,Miscellaneous,
SAFE AND HEALTHY COLORADO,Issue Committee,22.1,2024-06-03 00:00:00,Paragon Payment Solutions,Tempe,AZ,85282,Bank Fees,
COLORADO LIFE INITIATIVE,Issue Committee,7.1,2025-06-03 00:00:00,Cornerstone Merchant Services,Las Vegas,NV,89117,Bank Fees,Payment Processing Fees 5/3/25-5/16/25
JUSTICE FOR ABUSED CHILDREN,Issue Committee,2.0,2025-06-03 00:00:00,First Bank,Wheat Ridge,CO,80033,Bank Fees,
CATS AREN'T TROPHIES,Issue Committee,30.0,2025-06-04 00:00:00,Jp Morgan Chase,Denver,CO,80291,Bank Fees,
COLORADO VOTERS FIRST DBA YES ON 131,Issue Committee,55.0,2025-06-05 00:00:00,"Bill.Com, Llc",San Jose,CA,95002,Other,Accounting Software
COLORADO LIFE INITIATIVE,Issue Committee,50.0,2025-06-06 00:00:00,Tralita  Barnhart,Fort Morgan,CO,80723,Travel & Lodging,Lodging Expenses
COLORADO LIFE INITIATIVE,Issue Committee,27.5,2025-06-07 00:00:00,Margo  Harriman,Pueblo West,CO,81007,Advertising,Table Decor
COLORADO LIFE INITIATIVE,Issue Committee,13.14,2025-06-07 00:00:00,Margo  Harriman,Pueblo West,CO,81007,Office Equipment & Supplies,Printing And Pens
COLORADO LIFE INITIATIVE,Issue Committee,116.2,2025-06-07 00:00:00,Tralita  Barnhart,Fort Morgan,CO,80723,Travel & Lodging,Mileage 166 Miles Round Trip Brush/Grand Junction .70
COLORADO LIFE INITIATIVE,Issue Committee,158.2,2025-06-07 00:00:00,Angela  Eicher,Fort Morgan,CO,80701,Travel & Lodging,Mileage 226 Miles Round Trip Ft Morgan/Colo Springs.70
COLORADO LIFE INITIATIVE,Issue Committee,270.0,2025-06-07 00:00:00,Praise Him Ministries,Ridgway,CO,81432,Advertising,Booth Registration & Wristbands-Nightvision Festival 2025
COLORADO VETERANS ACTION,Issue Committee,1.86,2025-06-07 00:00:00,Paypal/Stripe,,CO,,Bank Fees,
COLORADO ADVOCATES FOR SMART WOLF POLICY,Issue Committee,3221.49,2025-06-11 00:00:00,Kltv,Colorado Springs,CO,80919,Consultant & Professional Services,"Printing $447
Goodbull $1000
Spencer Mileage $1606
Postage $74
Fundraising Costs $94"
COLORADO ADVOCATES FOR SMART WOLF POLICY,Issue Committee,500.0,2025-06-11 00:00:00,William  Baber,La Mesa,CA,91942,Consultant & Professional Services,
COLORADO ADVOCATES FOR SMART WOLF POLICY,Issue Committee,125.0,2025-06-11 00:00:00,Aristotle International Inc.,Washington,DC,20003,Miscellaneous,
COLORADO ADVOCATES FOR SMART WOLF POLICY,Issue Committee,637.41,2025-06-11 00:00:00,Mailing Services Inc,Colorado Springs,CO,80903,Advertising,
COLORADO LIFE INITIATIVE,Issue Committee,269.66,2025-06-11 00:00:00,Flocknote,Magnolia,TX,77354,Miscellaneous,Software Fees 5/11/25-6/11/25
COLORADANS FOR ACCOUNTABILITY,Issue Committee,19.78,2025-06-12 00:00:00,Fortis Private Bank,Denver,CO,80202,Bank Fees,
COLORADO VOTERS FIRST DBA YES ON 131,Issue Committee,130.0,2025-06-12 00:00:00,"Biz Accountpros, Llc",Conifer,CO,80433,Consultant & Professional Services,
COLORADO VOTERS FIRST DBA YES ON 131,Issue Committee,6031.5,2025-06-12 00:00:00,Taft Stettinius & Hollister Llp,Denver,CO,80202,Other,Legal Services
COLORADO VOTERS FIRST DBA YES ON 131,Issue Committee,74.0,2025-06-12 00:00:00,Taft Stettinius & Hollister Llp,Denver,CO,80202,Other,Legal Services
COLORADO VOTERS FIRST DBA YES ON 131,Issue Committee,1950.0,2025-06-12 00:00:00,Taft Stettinius & Hollister Llp,Denver,CO,80202,Other,Legal Services
COLORADO VOTERS FIRST DBA YES ON 131,Issue Committee,325.0,2025-06-12 00:00:00,Taft Stettinius & Hollister Llp,Denver,CO,80202,Other,Legal Services
COLORADO VOTERS FIRST DBA YES ON 131,Issue Committee,1442.5,2025-06-12 00:00:00,Taft Stettinius & Hollister Llp,Denver,CO,80202,Other,Legal Services
COLORADANS FOR THE PROTECTION OF WOMEN AND CHILDREN,Issue Committee,9.98,2025-06-13 00:00:00,Alpine Bank,Glenwood Springs,CO,81601,Bank Fees,Monthly Bank Fee
LET KIDS BE KIDS,Issue Committee,9.89,2025-06-13 00:00:00,Alpine Bank,Glenwood Springs,CO,81601,Bank Fees,Monthly Bank Fee
COLORADO VETERANS ACTION,Issue Committee,2.67,2025-06-14 00:00:00,Paypal/Stripe,,CO,,Bank Fees,
COLORADO VETERANS ACTION,Issue Committee,3.4,2025-06-14 00:00:00,Paypal/Stripe,,CO,,Bank Fees,
COLORADANS FOR ACCOUNTABILITY,Issue Committee,31.4,2025-06-16 00:00:00,United States Postal Service,Superior,CO,80027,Office Equipment & Supplies,Shipping
COALITION TO RECALL GORDON MCLAUGHLIN,Issue Committee,250.0,2025-06-20 00:00:00,Meta,Menlo Park,CA,94025,Advertising,Digital Ads
COLORADO LIFE INITIATIVE,Issue Committee,58.39,2025-06-23 00:00:00,Usps,Brush,CO,80723,Miscellaneous,Postage
COLORADO LIFE INITIATIVE,Issue Committee,253.37,2025-06-23 00:00:00,Fusion Sign And Design,Riverside,CA,92507,Advertising,Banner
LET KIDS BE KIDS,Issue Committee,10.17,2025-06-25 00:00:00,,,,,Bank Fees,Misc Bank Fee
COALITION TO RECALL GORDON MCLAUGHLIN,Issue Committee,66.69,2025-06-27 00:00:00,Fedex,Loveland,CO,80538,Advertising,Printing
COLORADO LIFE INITIATIVE,Issue Committee,29.5,2025-06-27 00:00:00,Dollar General Store,Brush,CO,80723,Miscellaneous,Table Decor
VOTE NO ON 79,Issue Committee,3186.33,2025-06-27 00:00:00,Colorado Right To Life Committee,Wheat Ridge,CO,80034,Other,Bank Withdrawal Of Ending Balance After Campaign; Remitted To Colorado Right To Life Committee. 6/6 Withdrawals
COLORADO LIFE INITIATIVE,Issue Committee,20.7,2025-06-28 00:00:00,Usps,Brush,CO,80723,Miscellaneous,Postage
COLORADO LIFE INITIATIVE,Issue Committee,5047.04,2024-06-30 00:00:00,Life Support Inc.,Fort Collins,CO,80527,Advertising,Magazine Printing & Business Cards Total Invoice 7021 Billed $5497.99 Partial Payment Of $450.95 Paid W/Check 1242. Balance $5047.04 Invoiced But Not Paid.
COLORADO LIFE INITIATIVE,Issue Committee,-5047.04,2024-06-30 00:00:00,Life Support Inc.,Fort Collins,CO,80527,Advertising,Offset Due To Update Of Filed Item - Magazine Printing & Business Cards Total Invoice 7021 Billed $5497.99 Partial Payment Of $450.95 Paid W/Check 1
COLORADO ADVOCATES FOR SMART WOLF POLICY,Issue Committee,324.06,2025-06-30 00:00:00,Efundraising Connections,Sacramento,CA,95816,Fundraising Expenses,
COLORADO ADVOCATES FOR SMART WOLF POLICY,Issue Committee,831.73,2025-06-30 00:00:00,Mailing Services Inc,Colorado Springs,CO,80903,Advertising,
COLORADO LIFE INITIATIVE,Issue Committee,450.95,2025-06-30 00:00:00,Life Support Inc.,Fort Collins,CO,80527,Advertising,Magazine Printing & Business Cards Total Invoice 7021 Billed $5497.99 Partial Payment Of $450.95 Paid W/Check 1242. Balance $5047.04 Invoiced But Not Paid. Full Invoice Payment Not Yet Due.
COLORADO VOTERS FIRST DBA YES ON 131,Issue Committee,27638.14,2025-06-30 00:00:00,Courageous Colorado,Trinidad,CO,81082,Other,Charitable Contribution.
COLORADO VOTERS FIRST DBA YES ON 131,Issue Committee,56.18,2025-06-30 00:00:00,"Bill.Com, Llc",San Jose,CA,95002,Other,Accounting Software
COLORADO VOTERS FIRST DBA YES ON 131,Issue Committee,2.0,2025-06-30 00:00:00,Firstbank,Denver,CO,80231,Other,Bank Fee
COLORADO VOTERS FIRST DBA YES ON 131,Issue Committee,325.0,2025-06-30 00:00:00,Taft Stettinius & Hollister Llp,Denver,CO,80202,Other,Legal Services
COLORADO VOTERS FIRST DBA YES ON 131,Issue Committee,1184.0,2025-06-30 00:00:00,Taft Stettinius & Hollister Llp,Denver,CO,80202,Other,Legal Services
COLORADO VOTERS FIRST DBA YES ON 131,Issue Committee,15000.0,2025-06-30 00:00:00,Taft Stettinius & Hollister Llp,Denver,CO,80202,Other,Legal Services
COLORADO VOTERS FIRST DBA YES ON 131,Issue Committee,3000.0,2025-06-30 00:00:00,"Eis Solutions, Llc D/B/A 76 Group",Denver,CO,80231,Other,Campaign Consulting
PUBLIC SCHOOLS STRONG,Issue Committee,250.0,2025-06-30 00:00:00,Scarlett Greene,Denver,CO,80206,Consultant & Professional Services,
THE GOOD INITIATIVES,Issue Committee,3.0,2025-06-30 00:00:00,Elevations,Boulder,CO,80301,Bank Fees,Bank Statement Fee
VOTE NO ON 79,Issue Committee,14.0,2025-06-30 00:00:00,Firstbank,Lakewood,CO,80226,Bank Fees,Activity Charge
SAFE AND HEALTHY COLORADO,Issue Committee,384.2,2024-07-01 00:00:00,Google,Mountain View,CA,94043,Advertising,
HOSPITALITY ISSUE PAC (HIPAC),Issue Committee,276.54,2025-07-01 00:00:00,Heartland Payment Systems,Princeton,NJ,08542,Bank Fees,
SAFE AND HEALTHY COLORADO,Issue Committee,433.43,2025-07-01 00:00:00,Google,Mountain View,CA,94043,Advertising,
SAFE AND HEALTHY COLORADO,Issue Committee,22.1,2024-07-02 00:00:00,Paragon Payment Solutions,Tempe,AZ,85282,Bank Fees,
CATS AREN'T TROPHIES,Issue Committee,38.79,2025-07-02 00:00:00,Paragon Solution,Tempe,AZ,85282,Bank Fees,
HOSPITALITY ISSUE PAC (HIPAC),Issue Committee,25.8,2025-07-02 00:00:00,Authorize.Net,American Fork,UT,84003,Bank Fees,
KEEP KIDS FED COLORADO,Issue Committee,9000.0,2025-07-02 00:00:00,Jbk3 Strategies,Wheat Ridge,CO,80033,Consultant & Professional Services,Campaign Management
SAFE AND HEALTHY COLORADO,Issue Committee,5000.0,2025-07-02 00:00:00,The Big Horn Company,Lakewood,CO,80226,Consultant & Professional Services,
SAFE AND HEALTHY COLORADO,Issue Committee,21.99,2025-07-02 00:00:00,Paragon Payment Solutions,Tempe,AZ,85282,Miscellaneous,
CATS AREN'T TROPHIES,Issue Committee,30.0,2025-07-03 00:00:00,Jp Morgan Chase,Denver,CO,80291,Bank Fees,
COLORADANS FOR ACCOUNTABILITY,Issue Committee,750.0,2025-07-03 00:00:00,Rkg Development,Superior,CO,80027,Consultant & Professional Services,Compliance Consulting
COLORADANS FOR ACCOUNTABILITY,Issue Committee,19.98,2025-07-03 00:00:00,Fortis Private Bank,Denver,CO,80202,Bank Fees,
COLORADO LIFE INITIATIVE,Issue Committee,10.91,2025-07-03 00:00:00,Cornerstone Merchant Services,Las Vegas,NV,89117,Bank Fees,Credit Card Processing Fees  6/3/25-6/18/25
KEEP KIDS FED COLORADO,Issue Committee,1800.0,2025-07-03 00:00:00,Rkg Development,Superior,CO,80027,Consultant & Professional Services,Compliance Consulting
GREAT EDUCATION COLORADO ISSUE COMMITTEE,Issue Committee,750.0,2025-07-04 00:00:00,"Patricia Deluna-Zickefoose, Pc",Denver,CO,80203,Consultant & Professional Services,Cpa
CITIZENS FOR ARTS TO ZOO,Issue Committee,900.0,2025-07-06 00:00:00,"Kk Ciruli, Cpa",San Clemente,CA,92672,Consultant & Professional Services,
SAFE AND HEALTHY COLORADO,Issue Committee,20.84,2024-07-09 00:00:00,Switchboard,Washington,DC,20033,Advertising,
KEEP KIDS FED COLORADO,Issue Committee,0.83,2025-07-09 00:00:00,,,,,Fundraising Expenses,
PUBLIC SCHOOLS STRONG,Issue Committee,900.0,2025-07-09 00:00:00,Rita K Gilbert Pc,Lakewood,CO,80227,Consultant & Professional Services,
COLORADO LIFE INITIATIVE,Issue Committee,4.61,2025-07-11 00:00:00,Usps,Brush,CO,80723,Miscellaneous,Postage
"PROTECTING COLORADOíS ENVIRONMENT, ECONOMY, AND ENERGY INDEPENDENCE (PROTECT COLORADO)",Issue Committee,2400.0,2025-07-11 00:00:00,"Strategic Compliance, Llc",Denver,CO,80205,Consultant & Professional Services,
COLORADO LIFE INITIATIVE,Issue Committee,339.0,2025-07-14 00:00:00,Flocknote,Magnolia,TX,77354,Miscellaneous,Software Fees 6/11/25-7/11/25
COLORADO LIFE INITIATIVE,Issue Committee,2.59,2025-07-14 00:00:00,Usps,Brush,CO,80723,Miscellaneous,Postage
COLORADO LIFE INITIATIVE,Issue Committee,10.0,2025-07-16 00:00:00,Time Park Llc,Denver,CO,80202,Other,Parking
PUBLIC SCHOOLS STRONG,Issue Committee,1000.0,2025-07-18 00:00:00,Scarlett Greene,Denver,CO,80206,Consultant & Professional Services,
CITIZENS FOR ARTS TO ZOO,Issue Committee,34290.0,2025-07-22 00:00:00,Ciruli Associates,Denver,CO,80101,Consultant & Professional Services,
COLORADO LIFE INITIATIVE,Issue Committee,5497.99,2025-07-23 00:00:00,Life Support Inc.,Fort Collins,CO,80527,Advertising,"Magazine Printing & Business Cards Total Invoice 7021 Billed $5497.99 Partial Payment Of $450.95 Paid W/Check 1242. Balance $5047.04 Invoiced But Not Paid.

Invoice #7021 Overpaid On 7/23/25 Check #1244. We Have A Credit $450.95"
COLORADO LIFE INITIATIVE,Issue Committee,10.05,2025-07-24 00:00:00,Usps,Brush,CO,80723,Miscellaneous,Postage
IAM27J,Issue Committee,25.0,2025-07-24 00:00:00,Colorado Secretary Of State,Denver,CO,80290,Other,Periodic Report
PUBLIC SCHOOLS STRONG,Issue Committee,25.0,2025-07-24 00:00:00,Colorado Secretary Of State,Denver,CO,80290,Other,Periodic Fee
KEEP KIDS FED COLORADO,Issue Committee,375.0,2025-07-27 00:00:00,Tierney Lawrence Stiles,Denver,CO,80203,Consultant & Professional Services,Legal Services
IAM27J,Issue Committee,750.0,2025-07-31 00:00:00,"John P. Morse, Cpa, Llc",Denver,CO,80237,Consultant & Professional Services,2024 Tax Preparation
LET COMMUNITIES LEAD,Issue Committee,10.0,2025-07-31 00:00:00,First Bank,Brighton,CO,80601,Bank Fees,
PUBLIC SCHOOLS STRONG,Issue Committee,250.0,2025-07-31 00:00:00,Scarlett Greene,Denver,CO,80206,Consultant & Professional Services,
THE GOOD INITIATIVES,Issue Committee,3.0,2025-07-31 00:00:00,Elevations,Boulder,CO,80301,Bank Fees,Bank Statement Fee
SAFE AND HEALTHY COLORADO,Issue Committee,344.49,2024-08-01 00:00:00,Google,Mountain View,CA,94043,Advertising,
COLORADANS VOTE,Issue Committee,50.0,2025-08-01 00:00:00,Colorado Secretary Of State,Denver,CO,80290,Other,Late Filing Fee
HOSPITALITY ISSUE PAC (HIPAC),Issue Committee,287.08,2025-08-01 00:00:00,Heartland Payment Systems,Princeton,NJ,08542,Bank Fees,
SAFE AND HEALTHY COLORADO,Issue Committee,478.13,2025-08-01 00:00:00,Google,Mountain View,CA,94043,Advertising,
SAFE AND HEALTHY COLORADO,Issue Committee,22.1,2024-08-02 00:00:00,Paragon Payment Solutions,Tempe,AZ,85282,Bank Fees,
CITIZENS FOR ARTS TO ZOO,Issue Committee,6250.0,2025-08-02 00:00:00,Colorado Legislative Strategies Llc,Denver,CO,80203,Consultant & Professional Services,
COLORADO LIFE INITIATIVE,Issue Committee,10.71,2025-08-02 00:00:00,Cornerstone Merchant Services,Las Vegas,NV,89117,Bank Fees,Payment Processing Fees 7/3/25-7/17/25
KEEP KIDS FED COLORADO,Issue Committee,1500.0,2025-08-03 00:00:00,Rkg Development,Superior,CO,80027,Consultant & Professional Services,Compliance Consulting
CATS AREN'T TROPHIES,Issue Committee,54.3,2025-08-04 00:00:00,Paragon Solution,Tempe,AZ,85282,Bank Fees,
COMMITTEE TO RECALL AMY PADDEN,Issue Committee,1080.0,2025-08-04 00:00:00,Dtc Print Brokers,Centennial,CO,80112,Other,Petition Printing
HOSPITALITY ISSUE PAC (HIPAC),Issue Committee,26.1,2025-08-04 00:00:00,Authorize.Net,American Fork,UT,84003,Bank Fees,
KEEP KIDS FED COLORADO,Issue Committee,9500.0,2025-08-04 00:00:00,Jbk3 Strategies,Wheat Ridge,CO,80033,Consultant & Professional Services,Campaign Management
SAFE AND HEALTHY COLORADO,Issue Committee,21.79,2025-08-04 00:00:00,Paragon Payment Solutions,Tempe,AZ,85282,Miscellaneous,
CATS AREN'T TROPHIES,Issue Committee,30.0,2025-08-05 00:00:00,Jp Morgan Chase,Denver,CO,80291,Bank Fees,
COALITION TO RECALL GORDON MCLAUGHLIN,Issue Committee,5.2,2025-08-06 00:00:00,Donorbox,Alexandria,VA,22307,Bank Fees,Card Processing Fee
CATS AREN'T TROPHIES,Issue Committee,256.27,2025-08-07 00:00:00,,,,,Other,The Committee Has Reviewed The Records And This Expenditure Represents Transactions Below The Itemized Threshold.
COLORADO EMERGENCY REDISTRICTING POWERS COMMITTEE,Issue Committee,30.0,2025-08-10 00:00:00,Google Llc,Mountain View,CA,94043,Office Equipment & Supplies,Google Workspace
COLORADO EMERGENCY REDISTRICTING POWERS COMMITTEE,Issue Committee,26.29,2025-08-10 00:00:00,Squarespace Inc,New York,NY,10014,Other,Squarespace Host
CATS AREN'T TROPHIES,Issue Committee,4287.75,2025-08-11 00:00:00,"Center For A Humane Economy, Inc",Bethesda,MD,20824,Contributions,
COLORADO ADVOCATES FOR SMART WOLF POLICY,Issue Committee,5698.24,2025-08-11 00:00:00,Kltv,Colorado Springs,CO,80919,Consultant & Professional Services,"I360 Data $2014   Mailchimp $216
Idonatepro $824  Po Box $134
Printing $643 Website $150
Office/Storage  $600"
COLORADANS FOR ACCOUNTABILITY,Issue Committee,85.18,2025-08-12 00:00:00,Fortis Private Bank,Denver,CO,80202,Bank Fees,
COLORADO LIFE INITIATIVE,Issue Committee,279.0,2025-08-12 00:00:00,Flocknote,Magnolia,TX,77354,Miscellaneous,Software Fees 7/11/25-8/11/25
KEEP KIDS FED COLORADO,Issue Committee,1237.5,2025-08-13 00:00:00,Tierney Lawrence Stiles,Denver,CO,80203,Consultant & Professional Services,Legal Services
COLORADANS VOTE,Issue Committee,93.5,2025-08-15 00:00:00,Strategic Compliance Llc,Denver,CO,80205,Consultant & Professional Services,
VOTE NO ON 79,Issue Committee,-36.0,2024-08-20 00:00:00,Squarespace,New York,NY,10014,Advertising,Offset Due To Update Of Filed Item - Webhosting
KEEP KIDS FED COLORADO,Issue Committee,1.15,2025-08-20 00:00:00,,,,,Fundraising Expenses,
VOTE NO ON 79,Issue Committee,36.0,2024-08-21 00:00:00,Squarespace,New York,NY,10014,Advertising,Webhosting
CITIZENS FOR ARTS TO ZOO,Issue Committee,261.81,2025-08-23 00:00:00,Deluxe Checks,Minneapolis,MN,55402,Office Equipment & Supplies,
LET COMMUNITIES LEAD,Issue Committee,8.2,2025-08-26 00:00:00,First Bank,Brighton,CO,80601,Bank Fees,
KEEP KIDS FED COLORADO,Issue Committee,35000.0,2025-08-28 00:00:00,Keating Research,Denver,CO,80206,Consultant & Professional Services,Research
KEEP KIDS FED COLORADO,Issue Committee,10000.0,2025-08-29 00:00:00,Sigel Long Public Affairs,Denver,CO,80203,Consultant & Professional Services,
KEEP KIDS FED COLORADO,Issue Committee,272.88,2025-08-29 00:00:00,Artist Proof Collective,Denver,CO,80204,Advertising,Yard Signs
PUBLIC SCHOOLS STRONG,Issue Committee,250.0,2025-08-29 00:00:00,Scarlett Greene,Denver,CO,80206,Consultant & Professional Services,
PUBLIC SCHOOLS STRONG,Issue Committee,2.0,2025-08-29 00:00:00,,,,,Bank Fees,
COLORADO EMERGENCY REDISTRICTING POWERS COMMITTEE,Issue Committee,3.38,2025-08-31 00:00:00,Actblue Technical Services,Boston,MA,02196-2017,Fundraising Expenses,Act Blue Service Fee
LET COMMUNITIES LEAD,Issue Committee,10.0,2025-08-31 00:00:00,First Bank,Brighton,CO,80601,Bank Fees,
THE GOOD INITIATIVES,Issue Committee,3.0,2025-08-31 00:00:00,Elevations,Boulder,CO,80301,Bank Fees,Bank Statement Fee
SAFE AND HEALTHY COLORADO,Issue Committee,309.29,2024-09-01 00:00:00,Google,Mountain View,CA,94043,Advertising,
COLORADO EMERGENCY REDISTRICTING POWERS COMMITTEE,Issue Committee,10.75,2025-09-01 00:00:00,Google Llc,Mountain View,CA,94043,Other,Google Workspace
SAFE AND HEALTHY COLORADO,Issue Committee,454.4,2025-09-01 00:00:00,Google,Mountain View,CA,94043,Advertising,
HOSPITALITY ISSUE PAC (HIPAC),Issue Committee,25.8,2025-09-02 00:00:00,Authorize.Net,American Fork,UT,84003,Bank Fees,
HOSPITALITY ISSUE PAC (HIPAC),Issue Committee,275.64,2025-09-02 00:00:00,Heartland Payment Systems,Princeton,NJ,08542,Bank Fees,
KEEP KIDS FED COLORADO,Issue Committee,10000.0,2025-09-02 00:00:00,Sigel Long Public Affairs,Denver,CO,80203,Consultant & Professional Services,
KEEP KIDS FED COLORADO,Issue Committee,1500.0,2025-09-02 00:00:00,Rkg Development,Superior,CO,80027,Consultant & Professional Services,Compliance Consultant
KEEP KIDS FED COLORADO,Issue Committee,9000.0,2025-09-02 00:00:00,Jbk3 Strategies,Wheat Ridge,CO,80033,Consultant & Professional Services,Campaign Management
SAFE AND HEALTHY COLORADO,Issue Committee,21.79,2025-09-02 00:00:00,Paragon Payment Solutions,Tempe,AZ,85282,Miscellaneous,
SAFE AND HEALTHY COLORADO,Issue Committee,22.1,2024-09-03 00:00:00,Paragon Payment Solutions,Tempe,AZ,85282,Bank Fees,
COLORADO LIFE INITIATIVE,Issue Committee,28.76,2025-09-03 00:00:00,Cornerstone Merchant Services,Las Vegas,NV,89117,Bank Fees,Payment Processin Fees 8/2/25-8/29/25
COLORADO LIFE INITIATIVE,Issue Committee,12.49,2025-09-04 00:00:00,Laz Parking,Denver,CO,80202,Other,Parking
KEEP KIDS FED COLORADO,Issue Committee,6000.0,2025-09-04 00:00:00,I2I Strategies,Denver,CO,80223,Consultant & Professional Services,Community Organizing
PROTECT KIDS COLORADO,Issue Committee,6554.96,2025-09-04 00:00:00,Pure Laughter Production,Colorado Springs,CO,80918,Other,Petition Printing
COLORADO EMERGENCY REDISTRICTING POWERS COMMITTEE,Issue Committee,5.15,2025-09-07 00:00:00,Actblue Technical Services,Boston,MA,02196-2017,Fundraising Expenses,Act Blue Service Fees
KEEP KIDS FED COLORADO,Issue Committee,770.0,2025-09-08 00:00:00,Community Language Cooperative,Englewood,CO,80110,Consultant & Professional Services,
PROTECT KIDS COLORADO,Issue Committee,102.92,2025-09-09 00:00:00,Update Printing,Colorado Springs,CO,80910,Other,Tips For Circulators
COLORADO EMERGENCY REDISTRICTING POWERS COMMITTEE,Issue Committee,26.29,2025-09-10 00:00:00,Squarespace Inc,New York,NY,10014,Other,Squarespace Host Fees
KEEP KIDS FED COLORADO,Issue Committee,130.5,2025-09-10 00:00:00,Efundraising.Com,Sacramento,CA,95816,Fundraising Expenses,
PROTECT KIDS COLORADO,Issue Committee,1233.38,2025-09-10 00:00:00,Dtc Print Brokers,Centennial,CO,80112,Other,Posters
PROTECT KIDS COLORADO,Issue Committee,8640.0,2025-09-10 00:00:00,Pure Laughter Production,Colorado Springs,CO,80918,Other,Petition Printing
COALITION TO RECALL GORDON MCLAUGHLIN,Issue Committee,366.64,2025-09-11 00:00:00,Navitor,North Mankato,MN,56003,Other,Business Cards Printing
PUBLIC SCHOOLS STRONG,Issue Committee,166.0,2025-09-11 00:00:00,Usps,Denver,CO,80210,Other,Po Box Rental
VOTE NO ON 79,Issue Committee,-71.4,2024-09-12 00:00:00,Office Depot,Springs,CO,80905,Advertising,Offset Due To Update Of Filed Item - Vinyl Banner
COLORADANS FOR ACCOUNTABILITY,Issue Committee,84.43,2025-09-12 00:00:00,Fortis Private Bank,Denver,CO,80202,Bank Fees,
COLORADO LIFE INITIATIVE,Issue Committee,359.0,2025-09-12 00:00:00,Flocknote,Magnolia,TX,77354,Miscellaneous,Software Fees 8/11/25-9/11/25
COLORADO EMERGENCY REDISTRICTING POWERS COMMITTEE,Issue Committee,20.74,2025-09-14 00:00:00,Actblue Technical Services,Boston,MA,02196-2017,Fundraising Expenses,Act Blue Service Fee
COLORADO ADVOCATES FOR SMART WOLF POLICY,Issue Committee,1500.0,2025-09-15 00:00:00,William  Baber,La Mesa,CA,91942,Consultant & Professional Services,
COLORADO ADVOCATES FOR SMART WOLF POLICY,Issue Committee,1512.14,2025-09-15 00:00:00,Kltv,Colorado Springs,CO,80919,Consultant & Professional Services,"Sunrise Promotions (Banners) $900 
Mail Chimp $139.14
Idonatepro $268"
VOTE NO ON 79,Issue Committee,71.4,2024-09-16 00:00:00,Office Depot,Springs,CO,80905,Advertising,Vinyl Banner
KEEP KIDS FED COLORADO,Issue Committee,1.15,2025-09-17 00:00:00,,,,,Fundraising Expenses,Credit Card Processing Fee
PROTECT KIDS COLORADO,Issue Committee,1264.68,2025-09-17 00:00:00,Update Printing,Colorado Springs,CO,80910,Other,Handouts
COLORADO LIFE INITIATIVE,Issue Committee,56.5,2025-09-18 00:00:00,Xpress Printing,Colorado Springs,CO,80917,Advertising,Printing Flyers
PROTECT KIDS COLORADO,Issue Committee,395.47,2025-09-18 00:00:00,Erin  Lee,Wellington,CO,80549,Other,Printing And Event Meals
COLORADO EMERGENCY REDISTRICTING POWERS COMMITTEE,Issue Committee,10.0,2025-09-19 00:00:00,Google Llc,Mountain View,CA,94043,Advertising,
PROTECT KIDS COLORADO,Issue Committee,8640.0,2025-09-19 00:00:00,Pure Laughter Production,Colorado Springs,CO,80918,Other,1000 Petitions
VOTE NO ON 79,Issue Committee,-36.0,2024-09-20 00:00:00,Squarespace,New York,NY,10014,Advertising,Offset Due To Update Of Filed Item - Website Hosting
PROTECT KIDS COLORADO,Issue Committee,621.87,2025-09-20 00:00:00,Mark  Spengler,Colorado Springs,CO,80906,Other,"Reimbursements - Postage, Badge Holders"
COLORADO EMERGENCY REDISTRICTING POWERS COMMITTEE,Issue Committee,1.07,2025-09-21 00:00:00,Actblue Technical Services,Boston,MA,02196-2017,Fundraising Expenses,Act Blue Service Fees
COLORADO ADVOCATES FOR SMART WOLF POLICY,Issue Committee,31.9,2025-09-22 00:00:00,Endeavor Bank,San Diego,CA,92101,Bank Fees,
COLORADO LIFE INITIATIVE,Issue Committee,10.0,2025-09-22 00:00:00,Time Park Llc,Denver,CO,80202,Other,Parking
PROTECT KIDS COLORADO,Issue Committee,1367.6,2025-09-22 00:00:00,Update Printing,Colorado Springs,CO,80910,Other,Handouts And Flyers For Circulators
VOTE NO ON 79,Issue Committee,36.0,2024-09-23 00:00:00,Squarespace,New York,NY,10014,Advertising,Website Hosting
VOTE NO ON 79,Issue Committee,2.4,2024-09-23 00:00:00,"Anedot, Inc",New Orleans,LA,70112,Bank Fees,
"VOTE NO, BALLOT ISSUE 4A, NOVEMBER 5, 2024",Issue Committee,2400.0,2024-09-24 00:00:00,Colorado Community Media,Englewood,CO,80110,Advertising,Jason Bailey Paid For Advertising With Colorado Community Media
COLORADO EMERGENCY REDISTRICTING POWERS COMMITTEE,Issue Committee,50.0,2025-09-24 00:00:00,Google Llc,Mountain View,CA,94043,Advertising,
KEEP KIDS FED COLORADO,Issue Committee,3.75,2025-09-24 00:00:00,,,,,Fundraising Expenses,Credit Card Processing Fee
KEEP KIDS FED COLORADO,Issue Committee,6000.0,2025-09-24 00:00:00,I2I Strategies,Denver,CO,80223,Consultant & Professional Services,Community Organizing
KEEP KIDS FED COLORADO,Issue Committee,102.2,2025-09-24 00:00:00,I2I Strategies,Denver,CO,80223,Travel & Lodging,Mileage Reimbursement
PUBLIC SCHOOLS STRONG,Issue Committee,250.0,2025-09-29 00:00:00,Scarlett Greene,Denver,CO,80206,Consultant & Professional Services,
THE GOOD INITIATIVES,Issue Committee,3.0,2024-09-30 00:00:00,Elevations,Boulder,CO,80301,Bank Fees,Bank Statement Fee
COLORADO ADVOCATES FOR SMART WOLF POLICY,Issue Committee,227.69,2025-09-30 00:00:00,Efundraising Connections,Sacramento,CA,95816,Bank Fees,
COLORADO EMERGENCY REDISTRICTING POWERS COMMITTEE,Issue Committee,0.79,2025-09-30 00:00:00,Actblue Technical Services,Boston,MA,02196-2017,Fundraising Expenses,Act Blue Service Fees
KEEP KIDS FED COLORADO,Issue Committee,15.71,2025-09-30 00:00:00,,,,,Bank Fees,
PRESCHOOL FOR ALL COLORADANS,Issue Committee,75.0,2025-09-30 00:00:00,Colorado Secretary Of State,Denver,CO,80290,Other,Fee To The Secretary Of State'S Office
PUBLIC SCHOOLS STRONG,Issue Committee,4.0,2025-09-30 00:00:00,,,,,Bank Fees,
THE GOOD INITIATIVES,Issue Committee,3.0,2025-09-30 00:00:00,Elevations,Boulder,CO,80301,Bank Fees,Bank Statement Fee
SAFE AND HEALTHY COLORADO,Issue Committee,352.03,2024-10-01 00:00:00,Google,Mountain View,CA,94043,Advertising,
KEEP KIDS FED COLORADO,Issue Committee,1500.0,2025-10-01 00:00:00,Rkg Development,Superior,CO,80027,Consultant & Professional Services,Compliance Consulting
KEEP KIDS FED COLORADO,Issue Committee,9000.0,2025-10-01 00:00:00,Jbk3 Strategies,Wheat Ridge,CO,80033,Consultant & Professional Services,Campaign Mangement
KEEP KIDS FED COLORADO,Issue Committee,10000.0,2025-10-01 00:00:00,Siegel Long Public Affairs,Denver,CO,80203,Consultant & Professional Services,
KEEP KIDS FED COLORADO,Issue Committee,11494.25,2025-10-01 00:00:00,Viewpoint Media Llc,Berkley,CA,94704,Advertising,Digital Advertising
YESCMC7C,Issue Committee,29.16,2025-10-01 00:00:00,Alpine Bank,Glenwood Springs,CO,81601,Bank Fees,
SAFE AND HEALTHY COLORADO,Issue Committee,116.85,2024-10-02 00:00:00,Paragon Payment Solutions,Tempe,AZ,85282,Bank Fees,
17TH JD DA TERM LIMIT,Issue Committee,480.0,2025-10-02 00:00:00,Rpr Financial,Broomfield,CO,80021,Consultant & Professional Services,
KEEP KIDS FED COLORADO,Issue Committee,645.92,2025-10-02 00:00:00,Project Vision 21,Aurora,CO,80013,Consultant & Professional Services,Language Translation
CITIZENS FOR ARTS TO ZOO,Issue Committee,925.0,2024-10-03 00:00:00,Kk Ciruli Cpa,San Clemente,CA,92672,Consultant & Professional Services,
VOTE NO ON 79,Issue Committee,4.48,2024-10-03 00:00:00,"Anedot, Inc",New Orleans,LA,70112,Bank Fees,
COMMITTEE TO RECALL AMY PADDEN,Issue Committee,70.0,2025-10-03 00:00:00,Dtc Print Brokers,Centennial,CO,80112,Office Equipment & Supplies,Petition Printing
KEEP KIDS FED COLORADO,Issue Committee,4925.0,2025-10-03 00:00:00,Moxie Media,Seattle,WA,98113,Advertising,Literature
KEEP KIDS FED COLORADO,Issue Committee,126916.76,2025-10-03 00:00:00,Viewpoint Media Llc,Berkley,CA,94704,Advertising,Digital Advertising
CITIZENS FOR ARTS TO ZOO,Issue Committee,6250.0,2024-10-05 00:00:00,Colorado Legislative Strategies,Denver,CO,80203,Consultant & Professional Services,
COMMUNITY CHANGE ACTION - COLORADO,Issue Committee,10000.0,2025-10-06 00:00:00,Impactive By Actblue,Boston,MA,02196,Consultant & Professional Services,
KEEP KIDS FED COLORADO,Issue Committee,1575.0,2025-10-06 00:00:00,Isabella  Nunez,Colorado Springs,CO,80903,Consultant & Professional Services,Community Organizer
COMMUNITY CHANGE ACTION - COLORADO,Issue Committee,412.5,2025-10-07 00:00:00,"Commoncentsconsulting, Llc",Tempe,CO,85285,Consultant & Professional Services,Compliance And Accounting Services
YESCMC7C,Issue Committee,8530.05,2025-10-07 00:00:00,Omfluence,East Berkshire,VT,05447,Consultant & Professional Services,
CITIZENS FOR ARTS TO ZOO,Issue Committee,15987.5,2024-10-08 00:00:00,Floyd  Ciruli,San Clemente,CA,92674,Consultant & Professional Services,
SAFE AND HEALTHY COLORADO,Issue Committee,105.12,2024-10-08 00:00:00,Switchboard,Washington,DC,20033,Advertising,
KEEP KIDS FED COLORADO,Issue Committee,7.5,2025-10-08 00:00:00,,,,,Fundraising Expenses,Credit Card Processing Fee
KEEP KIDS FED COLORADO,Issue Committee,20836.69,2025-10-08 00:00:00,Sena | Kozar Strategies,Washington,DC,20015,Consultant & Professional Services,Production
COMMUNITY CHANGE ACTION - COLORADO,Issue Committee,2000.0,2025-10-09 00:00:00,Middle Seat Consulting,Washington,DC,20009,Advertising,Digital Ads In Support Of Propositions Ll & Mm
KEEP KIDS FED COLORADO,Issue Committee,106729.78,2025-10-09 00:00:00,Viewpoint Media Llc,Berkley,CA,94704,Advertising,
"VOTE NO, BALLOT ISSUE 4A, NOVEMBER 5, 2024",Issue Committee,84.0,2024-10-10 00:00:00,Facebook,Menlo Park,CA,94025,Advertising,Jason Bailey Paid For Facebook Ad
"VOTE NO, BALLOT ISSUE 4A, NOVEMBER 5, 2024",Issue Committee,4162.0,2024-10-13 00:00:00,Denver Post,Denver,CO,80216,Advertising,Printed Insert For Denver Post
"VOTE NO, BALLOT ISSUE 4A, NOVEMBER 5, 2024",Issue Committee,840.0,2024-10-13 00:00:00,Denver Post,Denver,CO,80216,Advertising,Jason Bailey Paid Insert Fee For Denver Post
COMMUNITY CHANGE ACTION - COLORADO,Issue Committee,1000.0,2025-10-15 00:00:00,Middle Seat Consulting,Washington,DC,20009,Advertising,Digital Ads In Support Of Propositions Ll & Mm
KEEP KIDS FED COLORADO,Issue Committee,2.13,2025-10-15 00:00:00,Efundraising.Com,Sacramento,CA,95816,Fundraising Expenses,Credit Card Processing Fee
YESCMC7C,Issue Committee,22638.64,2025-10-15 00:00:00,Omfluence,East Berkshire,VT,05447,Consultant & Professional Services,
KEEP KIDS FED COLORADO,Issue Committee,33.0,2025-10-16 00:00:00,Efundraising.Com,Sacramento,CA,95816,Fundraising Expenses,Credit Card Processing Fee
YESCMC7C,Issue Committee,3.0,2025-10-17 00:00:00,Alpine Bank,Glenwood Springs,CO,81601,Bank Fees,
KEEP KIDS FED COLORADO,Issue Committee,106729.78,2025-10-19 00:00:00,Viewpoint Media Llc,Berkley,CA,94704,Advertising,
KEEP KIDS FED COLORADO,Issue Committee,2000.0,2025-10-20 00:00:00,Colorado Hispanic Multimedia Platform,Denver,CO,80222,Advertising,
KEEP KIDS FED COLORADO,Issue Committee,409.31,2025-10-20 00:00:00,Artist Proof Collective,Denver,CO,80204,Advertising,Rally Signs
KEEP KIDS FED COLORADO,Issue Committee,141729.78,2025-10-21 00:00:00,Viewpoint Media Llc,Berkley,CA,94704,Advertising,
KEEP KIDS FED COLORADO,Issue Committee,1.15,2025-10-21 00:00:00,Efundraising.Com,Sacramento,CA,95816,Fundraising Expenses,Credit Card Processing Fee
VOTE NO ON 79,Issue Committee,20.3,2024-10-23 00:00:00,"Anedot, Inc",New Orleans,LA,70112,Bank Fees,
KEEP KIDS FED COLORADO,Issue Committee,64832.46,2025-10-23 00:00:00,Moxie Media,Seattle,WA,98113,Advertising,Mail
VOTE NO ON 79,Issue Committee,6.88,2024-10-24 00:00:00,"Anedot, Inc",New Orleans,LA,70112,Bank Fees,
"VOTE NO, BALLOT ISSUE 4A, NOVEMBER 5, 2024",Issue Committee,300.0,2024-10-24 00:00:00,Denver Post,Denver,CO,80216,Advertising,Jason Bailey Paid For Ad
KEEP KIDS FED COLORADO,Issue Committee,6000.0,2025-10-24 00:00:00,I2I Strategies,Denver,CO,80223,Consultant & Professional Services,Community Organizing
KEEP KIDS FED COLORADO,Issue Committee,20.0,2025-10-24 00:00:00,I2I Strategies,Denver,CO,80223,Travel & Lodging,Parking
KEEP KIDS FED COLORADO,Issue Committee,16.4,2025-10-25 00:00:00,Walmart,Colorado Springs,CO,80909,"Food, Beverages and Meals",
KEEP KIDS FED COLORADO,Issue Committee,163.73,2025-10-27 00:00:00,Artist Proof Collective,Denver,CO,80204,Advertising,Rally Signs
KEEP KIDS FED COLORADO,Issue Committee,500.0,2025-10-27 00:00:00,Progressnow Colorado,Denver,CO,80216,Other,Voter Guide
KEEP KIDS FED COLORADO,Issue Committee,20000.0,2025-10-27 00:00:00,Viewpoint Media Llc,Berkley,CA,94704,Advertising,Digital Advertising
FRIENDS OF THE GONDOLA,Issue Committee,3641.0,2024-10-28 00:00:00,Telluride Daily Planet,Telluride,CO,81435,Advertising,
FRIENDS OF THE GONDOLA,Issue Committee,5008.91,2024-10-28 00:00:00,Agency Strategies,Des Moines,IA,50309,Consultant & Professional Services,
FRIENDS OF THE GONDOLA,Issue Committee,8117.57,2024-10-28 00:00:00,Agency Strategies,Des Moines,IA,50309,Consultant & Professional Services,
VOTE NO ON 79,Issue Committee,162.15,2024-10-28 00:00:00,Colorado Right To Life Committee,Wheat Ridge,CO,80034,Other,Bank Withdrawal Of Ending Balance After Campaign; Remitted To Colorado Right To Life Committee. 1/6 Withdrawals
FRIENDS OF THE GONDOLA,Issue Committee,978.0,2024-10-29 00:00:00,Agency Strategies,Des Moines,IA,50309,Consultant & Professional Services,
FRIENDS OF THE GONDOLA,Issue Committee,4861.56,2024-10-29 00:00:00,Agency Strategies,Des Moines,IA,50309,Consultant & Professional Services,
VOTE NO ON 79,Issue Committee,15000.0,2024-10-29 00:00:00,Colorado Right To Life Committee,Wheat Ridge,CO,80034,Other,Bank Withdrawal Of Ending Balance After Campaign; Remitted To Colorado Right To Life Committee. 2/6 Withdrawals
VOTE NO ON 79,Issue Committee,3000.0,2024-10-29 00:00:00,Colorado Right To Life Committee,Wheat Ridge,CO,80034,Other,Bank Withdrawal Of Ending Balance After Campaign; Remitted To Colorado Right To Life Committee. 3/6 Withdrawals
VOTE NO ON 79,Issue Committee,80.0,2024-10-29 00:00:00,Derek  Packard,Colorado Springs,CO,80920,Advertising,
COMMUNITY CHANGE ACTION - COLORADO,Issue Committee,3000.0,2025-10-29 00:00:00,Impactive By Actblue,Boston,MA,02196,Consultant & Professional Services,Texting Services In Support Of Propositions Ll & Mm
KEEP KIDS FED COLORADO,Issue Committee,2.13,2025-10-29 00:00:00,,,,,Fundraising Expenses,Credit Card Processing Fee
VOTE NO ON 79,Issue Committee,165.0,2024-10-30 00:00:00,Colorado Right To Life Committee,Wheat Ridge,CO,80034,Other,Bank Withdrawal Of Ending Balance After Campaign; Remitted To Colorado Right To Life Committee. 4/6 Withdrawals
YESCMC7C,Issue Committee,7106.0,2025-10-30 00:00:00,Omfluence,East Berkshire,VT,05447,Consultant & Professional Services,
KEEP COLORADO COLORADO,Issue Committee,5.0,2024-10-31 00:00:00,Anb Bank,Grand Junction,CO,81501,Bank Fees,
PROTECT LOCAL CONTROL,Issue Committee,5.0,2024-10-31 00:00:00,Anb Bank,Grand Junction,CO,81501,Bank Fees,Bank Fees
THE GOOD INITIATIVES,Issue Committee,3.0,2024-10-31 00:00:00,Elevations,Boulder,CO,80301,Bank Fees,Bank Statement Fee
VOTE NO ON 79,Issue Committee,1.0,2024-10-31 00:00:00,Firstbank,Lakewood,CO,80226,Bank Fees,Fee For 1 Non-Preprinted Deposit And/Or Withdrawal Form @ $1.00 Ea
"VOTE NO, BALLOT ISSUE 4A, NOVEMBER 5, 2024",Issue Committee,300.0,2024-10-31 00:00:00,Denver Post,Denver,CO,80216,Advertising,Jason Bailey Paid For Ad
COLORADANS FOR RESPONSIBLE SPENDNG AND TAX RELIEF,Issue Committee,2.0,2025-10-31 00:00:00,Firstbank North,Arvada,CO,80006,Bank Fees,
KEEP KIDS FED COLORADO,Issue Committee,60.0,2025-10-31 00:00:00,First Bank,Lakewood,CO,80215,Bank Fees,
KEEP KIDS FED COLORADO,Issue Committee,81.44,2025-10-31 00:00:00,Michaels,Colorado Springs,CO,80906,Office Equipment & Supplies,
KEEP KIDS FED COLORADO,Issue Committee,20000.0,2025-10-31 00:00:00,Trailhead Institute,Denver,CO,80202,Consultant & Professional Services,Community Organizing
KEEP KIDS FED COLORADO,Issue Committee,10000.0,2025-10-31 00:00:00,The Good Food Collective,Durango,CO,81303,Consultant & Professional Services,Community Organizing
SAFE AND HEALTHY COLORADO,Issue Committee,189.13,2024-11-01 00:00:00,Google,Mountain View,CA,94043,Advertising,
KEEP KIDS FED COLORADO,Issue Committee,4620.0,2025-11-01 00:00:00,Isabella  Nunez,Colorado Springs,CO,80903,Consultant & Professional Services,Community Organizing
KEEP KIDS FED COLORADO,Issue Committee,206.5,2025-11-01 00:00:00,Isabella  Nunez,Colorado Springs,CO,80903,Consultant & Professional Services,Mileage
KEEP KIDS FED COLORADO,Issue Committee,7.0,2025-11-01 00:00:00,,,,,Travel & Lodging,Parking
KEEP KIDS FED COLORADO,Issue Committee,23.43,2025-11-01 00:00:00,Borriello Brothers Real New York Pizza,Colorado Springs,CO,80903,"Food, Beverages and Meals",
KEEP KIDS FED COLORADO,Issue Committee,9000.0,2025-11-01 00:00:00,Jbk3 Strategies,Wheat Ridge,CO,80033,Consultant & Professional Services,Campaign Management
KEEP KIDS FED COLORADO,Issue Committee,849.72,2025-11-01 00:00:00,Project Vision 21,Aurora,CO,80013,Consultant & Professional Services,Language Translation
KEEP KIDS FED COLORADO,Issue Committee,3500.0,2025-11-01 00:00:00,Rkg Development,Superior,CO,80027,Consultant & Professional Services,Compliance Consulting
KEEP KIDS FED COLORADO,Issue Committee,3000.0,2025-11-03 00:00:00,I2I Strategies,Denver,CO,80223,Consultant & Professional Services,Community Organizing
SAFE AND HEALTHY COLORADO,Issue Committee,25.07,2024-11-04 00:00:00,Paragon Payment Solutions,Tempe,AZ,85282,Bank Fees,
KEEP KIDS FED COLORADO,Issue Committee,3000.0,2025-11-04 00:00:00,The Hadanou Collective,Denver,CO,80205,Consultant & Professional Services,Community Organizing
COLORADANS FOR SMART JUSTICE,Issue Committee,1700.0,2024-11-05 00:00:00,,,,,Consultant & Professional Services,
COLORADANS FOR SMART JUSTICE,Issue Committee,5000.0,2024-11-05 00:00:00,,,,,Consultant & Professional Services,
YESCMC7C,Issue Committee,19546.79,2025-11-05 00:00:00,Omfluence,East Berkshire,VT,05447,Advertising,
CITIZENS FOR COLORADO'S WATER INC,Issue Committee,1347.0,2024-11-07 00:00:00,Colo Water Congress,Denver,CO,80206,Other,2025 Membership Dues   Ck 1177
CITIZENS FOR COLORADO'S WATER INC,Issue Committee,-1347.0,2024-11-07 00:00:00,Colo Water Congress,Denver,CO,80206,Other,Offset Due To Update Of Filed Item - 2025 Membership Dues   Ck 1177
CITIZENS FOR COLORADO'S WATER INC,Issue Committee,1347.0,2024-11-07 00:00:00,Colo Water Congress,Denver,CO,80206,Other,2025 Membership Dues   Ck 1177
VOTE NO ON 79,Issue Committee,35.0,2024-11-12 00:00:00,Constant Contact,Waltham,MA,02451,Advertising,
VOTE NO ON 79,Issue Committee,15000.0,2024-11-13 00:00:00,Colorado Right To Life Committee,Wheat Ridge,CO,80034,Other,Bank Withdrawal Of Ending Balance After Campaign; Remitted To Colorado Right To Life Committee. 5/6 Withdrawals
COMMUNITY CHANGE ACTION - COLORADO,Issue Committee,275.0,2025-11-13 00:00:00,"Commoncentsconsulting, Llc",Tempe,AZ,85285,Consultant & Professional Services,Compliance & Accounting Services
KEEP KIDS FED COLORADO,Issue Committee,1015.0,2025-11-13 00:00:00,Isabella  Nunez,Colorado Springs,CO,80903,Consultant & Professional Services,Community Organizing
KEEP KIDS FED COLORADO,Issue Committee,25.9,2025-11-13 00:00:00,Isabella  Nunez,Colorado Springs,CO,80903,Travel & Lodging,Mileage
KEEP KIDS FED COLORADO,Issue Committee,9000.0,2025-11-13 00:00:00,Jbk3 Strategies,Wheat Ridge,CO,80033,Consultant & Professional Services,Campaign Management
KEEP KIDS FED COLORADO,Issue Committee,10000.0,2025-11-13 00:00:00,Siegel Long Public Affairs,Denver,CO,80203,Consultant & Professional Services,
"PROTECTING COLORADOíS ENVIRONMENT, ECONOMY, AND ENERGY INDEPENDENCE (PROTECT COLORADO)",Issue Committee,1250.0,2024-11-14 00:00:00,Dwc Cpas,Grand Junction,CO,81502,Consultant & Professional Services,
YESCMC7C,Issue Committee,7106.0,2025-11-14 00:00:00,Omfluence,East Berkshire,VT,05447,Advertising,
"PROTECTING COLORADOíS ENVIRONMENT, ECONOMY, AND ENERGY INDEPENDENCE (PROTECT COLORADO)",Issue Committee,10.0,2024-11-15 00:00:00,Us Bank,Denver,CO,80202,Bank Fees,
CITIZENS FOR ARTS TO ZOO,Issue Committee,6250.0,2024-11-21 00:00:00,Colorado Legislative Strategies,Denver,CO,80203,Consultant & Professional Services,
VOTE NO ON 79,Issue Committee,36.0,2024-11-21 00:00:00,Squarespace,New York,NY,10014,Advertising,
YESCMC7C,Issue Committee,3.0,2025-11-21 00:00:00,Alpine Bank,Glenwood Springs,CO,81601,Bank Fees,
KEEP COLORADO COLORADO,Issue Committee,5.0,2024-11-25 00:00:00,Anb Bank,Grand Junction,CO,81501,Bank Fees,
KEEP COLORADO COLORADO,Issue Committee,70.5,2024-11-25 00:00:00,Ireland Stapleton,Denver,CO,80202,Other,Legal Fees
PROTECT LOCAL CONTROL,Issue Committee,5.0,2024-11-25 00:00:00,Anb Bank,Grand Junction,CO,81501,Bank Fees,Bank Fees
PROTECT LOCAL CONTROL,Issue Committee,70.5,2024-11-25 00:00:00,Ireland Stapleton Pryor & Pascoe,Denver,CO,80202,Other,Legal Fees
COMMUNITY CHANGE ACTION - COLORADO,Issue Committee,120.0,2025-11-26 00:00:00,Amalgamated Bank,New York,NY,10001,Bank Fees,
COLORADANS FOR RESPONSIBLE SPENDNG AND TAX RELIEF,Issue Committee,5.2,2025-11-28 00:00:00,,,,,Other,Made Out To Cash To Close Account
KEEP KIDS FED COLORADO,Issue Committee,40.0,2025-11-28 00:00:00,First Bank,Lakewood,CO,80215,Bank Fees,
GREAT EDUCATION COLORADO ISSUE COMMITTEE,Issue Committee,12.0,2024-11-29 00:00:00,,,,,Bank Fees,
THE GOOD INITIATIVES,Issue Committee,3.0,2024-11-30 00:00:00,Elevations,Boulder,CO,80301,Bank Fees,Bank Statement Fee
SAFE AND HEALTHY COLORADO,Issue Committee,15.69,2024-12-01 00:00:00,Google,Mountain View,CA,94043,Advertising,
KEEP KIDS FED COLORADO,Issue Committee,20.0,2025-12-01 00:00:00,Project Vision 21,Aurora,CO,80013,Consultant & Professional Services,Language Translation
SAFE AND HEALTHY COLORADO,Issue Committee,22.41,2024-12-02 00:00:00,Paragon Payment Solutions,Tempe,AZ,85282,Bank Fees,
COMMUNITY CHANGE ACTION - COLORADO,Issue Committee,275.0,2025-12-02 00:00:00,"Commoncentsconsulting, Llc",Tempe,AZ,85285,Consultant & Professional Services,Compliance & Accounting Services
COLORADANS FOR THE PROTECTION OF WOMEN AND CHILDREN,Issue Committee,-199.84,2024-12-05 00:00:00,Anedot,New Orleans,CO,70112,Bank Fees,Offset Due To Update Of Filed Item - Period 10/24 To 10/5 Anedot Cc Processing Fees
COLORADANS FOR THE PROTECTION OF WOMEN AND CHILDREN,Issue Committee,199.84,2024-12-05 00:00:00,Anedot,New Orleans,CO,70112,Bank Fees,Period 10/24/24 To 12/5/24 Anedot Cc Processing Fees
COLORADO VOTERS FIRST DBA YES ON 131,Issue Committee,-3000.0,2024-12-05 00:00:00,"Pabon Consulting, Llc",Denver,CO,80211,Other,Offset Due To Deletion Of Filed Item - Expenditure Type: Outreach Counsulting
COLORADO VOTERS FIRST DBA YES ON 131,Issue Committee,-7500.0,2024-12-05 00:00:00,Strategy Rose Llc,Denver,CO,80302,Other,Offset Due To Deletion Of Filed Item - Expenditure Type: Outreach Counsulting
COLORADO VOTERS FIRST DBA YES ON 131,Issue Committee,-3750.0,2024-12-05 00:00:00,Timor Strategies Llc,Lakewood,CO,80227,Other,Offset Due To Deletion Of Filed Item - Expenditure Type: Outreach Consulting
COLORADANS FOR ACCOUNTABILITY,Issue Committee,26000.0,2024-12-06 00:00:00,Colorado Foundation For Justice,Denver,CO,80203,Contributions,Charitable Contribution
COLORADANS FOR PROTECTING REPRODUCTIVE FREEDOM,Issue Committee,4250.0,2024-12-06 00:00:00,Hedden Community Solutions,New Castle,CO,81647,Consultant & Professional Services,
COLORADO VOTERS FIRST DBA YES ON 131,Issue Committee,7500.0,2024-12-06 00:00:00,Strategy Rose Llc,Denver,CO,80302,Other,Outreach Consulting
COLORADO VOTERS FIRST DBA YES ON 131,Issue Committee,3000.0,2024-12-06 00:00:00,"Pabon Consulting, Llc",Denver,CO,80211,Other,Outreach Consulting
COLORADO VOTERS FIRST DBA YES ON 131,Issue Committee,3750.0,2024-12-06 00:00:00,Timor Strategies Llc,Lakewood,CO,80227,Other,Outreach Consulting
COLORADANS FOR LOCAL COMMUNITIES,Issue Committee,800.0,2024-12-09 00:00:00,Rita Kay Gilbert,Englewood,CO,80227,Consultant & Professional Services,Accounting Services
PRO-LIFE COLORADO FUND DBA RIGHT TO KNOW CO,Issue Committee,44650.0,2024-12-09 00:00:00,Priority Press,Indianapolis,IN,46222,Advertising,Signs
YES ON JJ,Issue Committee,800.0,2024-12-09 00:00:00,Rita Kay Gilbert,Lakewood,CO,80227,Consultant & Professional Services,Accounting Services
YESCMC7C,Issue Committee,25.0,2025-12-09 00:00:00,Alpine Bank,Glenwood Springs,CO,81601,Bank Fees,
COLORADANS FOR PROTECTING REPRODUCTIVE FREEDOM,Issue Committee,65.0,2024-12-10 00:00:00,Quickbooks,Mountain View,CA,94043,Office Equipment & Supplies,
VOTE NO ON 79,Issue Committee,35.0,2024-12-11 00:00:00,Constant Contact,Waltham,MA,02451,Advertising,
COLORADANS FOR ACCOUNTABILITY,Issue Committee,20.51,2024-12-12 00:00:00,Fortis Private Bank,Denver,CO,80202,Bank Fees,
COLORADANS FOR PROTECTING REPRODUCTIVE FREEDOM,Issue Committee,5849.96,2024-12-12 00:00:00,Corazon Printing,Broomfield,CO,80020,Other,Mugs
COLORADO LIFE INITIATIVE,Issue Committee,252.0,2024-12-12 00:00:00,Flocknote,Magnolia,TX,77354,Miscellaneous,Software Fees 12/11/24-1/11/25
COLORADANS FOR THE PROTECTION OF WOMEN AND CHILDREN,Issue Committee,6.2,2024-12-13 00:00:00,Alpine Bank,Glenwood Springs,CO,81601,Bank Fees,Monthly Svc Charge
LET KIDS BE KIDS,Issue Committee,9.27,2024-12-13 00:00:00,Alpine Bank,Glenwood Springs,CO,81601,Bank Fees,Monthly Bank Fee
LET KIDS BE KIDS,Issue Committee,35.0,2024-12-13 00:00:00,Campaign Partner,Still River,MA,01467,Advertising,Software - Web
"PROTECTING COLORADOíS ENVIRONMENT, ECONOMY, AND ENERGY INDEPENDENCE (PROTECT COLORADO)",Issue Committee,10.0,2024-12-13 00:00:00,Us Bank,Denver,CO,80202,Bank Fees,
LET KIDS BE KIDS,Issue Committee,14.34,2024-12-16 00:00:00,,,,,Office Equipment & Supplies,Misc Office Supplies - Target
LET KIDS BE KIDS,Issue Committee,10.0,2024-12-16 00:00:00,,,,,Travel & Lodging,Misc Director Travel
COLORADANS FOR PROTECTING REPRODUCTIVE FREEDOM,Issue Committee,140.0,2024-12-18 00:00:00,Tierney Lawrence Stiles,Denver,CO,80203,Consultant & Professional Services,
COLORADANS FOR PROTECTING REPRODUCTIVE FREEDOM,Issue Committee,293.81,2024-12-18 00:00:00,Upland Software,Austin,TX,78701,Consultant & Professional Services,
COLORADANS FOR PROTECTING REPRODUCTIVE FREEDOM,Issue Committee,10000.0,2024-12-18 00:00:00,Blue Mountain Strategies,Denver,CO,80223,Consultant & Professional Services,
COLORADANS FOR PROTECTING REPRODUCTIVE FREEDOM,Issue Committee,2000.0,2024-12-18 00:00:00,Hazel  Gibson,Denver,CO,80205,Consultant & Professional Services,
COLORADANS FOR PROTECTING REPRODUCTIVE FREEDOM,Issue Committee,36.68,2024-12-18 00:00:00,Bitly,Denver,CO,80202,Office Equipment & Supplies,
THE GOOD INITIATIVES,Issue Committee,74.0,2024-12-18 00:00:00,U.S.P.S.,Mead,CO,80542,Other,Mail Box
VOTER RIGHTS COLORADO,Issue Committee,22560.5,2024-12-18 00:00:00,Mission Control,Glastonbury,CT,06033,Consultant & Professional Services,
LET KIDS BE KIDS,Issue Committee,116.68,2024-12-20 00:00:00,"Birch Grove Legal, Pllc.",Castle Rock,CO,80104,Consultant & Professional Services,Final Legal Invoice - Title Board
COLORADANS FOR PROTECTING REPRODUCTIVE FREEDOM,Issue Committee,280.78,2024-12-23 00:00:00,Staples,Denver,CO,80246,Office Equipment & Supplies,
VOTE NO ON 79,Issue Committee,36.0,2024-12-23 00:00:00,Squarespace,New York,NY,10014,Advertising,
LET KIDS BE KIDS,Issue Committee,17.21,2024-12-26 00:00:00,Zoom,San Jose,CA,95113,Office Equipment & Supplies,Office Subscription Svc
1A FOR HOUSING,Issue Committee,50.0,2024-12-30 00:00:00,Colorado Secretary Of State,Denver,CO,80290,Other,Late Penalty Fee
COLORADANS FOR PROTECTING REPRODUCTIVE FREEDOM,Issue Committee,5824.96,2024-12-30 00:00:00,Corazon Printing,Broomfield,CO,80020,Other,Mugs
COLORADANS FOR PROTECTING REPRODUCTIVE FREEDOM,Issue Committee,10000.0,2024-12-30 00:00:00,Alison  Egbers,Westminster,CO,80234,Consultant & Professional Services,
COLORADANS FOR PROTECTING REPRODUCTIVE FREEDOM,Issue Committee,5521.59,2024-12-30 00:00:00,Simple Majority,Missoula,MT,59801,Consultant & Professional Services,
COLORADANS FOR LOCAL COMMUNITIES,Issue Committee,2130.39,2024-12-31 00:00:00,Rkg Development,Superior,CO,80027,Consultant & Professional Services,Compliance Services
COLORADANS FOR PROTECTING REPRODUCTIVE FREEDOM,Issue Committee,10000.0,2024-12-31 00:00:00,Mac Group Consulting,Denver,CO,80224,Consultant & Professional Services,
COLORADANS FOR PROTECTING REPRODUCTIVE FREEDOM,Issue Committee,25000.0,2024-12-31 00:00:00,Simple Majority,Missoula,MT,59801,Consultant & Professional Services,
COLORADANS FOR PROTECTING REPRODUCTIVE FREEDOM,Issue Committee,53.0,2024-12-31 00:00:00,1St Bank,Denver,CO,80222,Bank Fees,
GREAT EDUCATION COLORADO ISSUE COMMITTEE,Issue Committee,12.0,2024-12-31 00:00:00,,,,,Bank Fees,
KEEP COLORADO COLORADO,Issue Committee,5.0,2024-12-31 00:00:00,Anb Bank,Grand Junction,CO,81501,Bank Fees,
PROTECT LOCAL CONTROL,Issue Committee,5.0,2024-12-31 00:00:00,Anb Bank,Grand Junction,CO,81501,Bank Fees,
THE GOOD INITIATIVES,Issue Committee,3.0,2024-12-31 00:00:00,Elevations,Boulder,CO,80301,Bank Fees,Bank Statement Fee
THE NATURAL RESOURCES CONSERVATION COMMITTEE,Issue Committee,3536.95,2024-12-31 00:00:00,Eagle County Conservation District,Eagle,CO,81631,Donation for Independent Expenditures,Donate Unexpended Funds To Charitable Organization Recognized By The Irs
COLORADO LIFE INITIATIVE,Issue Committee,-5497.99,2025-07-23 00:00:00,Life Support Inc.,Fort Collins,CO,80527,Advertising,Offset Due To Update Of Filed Item - Magazine Printing & Business Cards Total Invoice 7021 Billed $5497.99 Partial Payment Of $450.95 Paid W/Check 1
COLORADO LIFE INITIATIVE,Issue Committee,5497.99,2025-07-23 00:00:00,Life Support Inc.,Fort Collins,CO,80527,Advertising,Magazine Printing & Business Cards Total Invoice 7021 $6267.16 Billed $5497.99 Partial Payment Of $769.17 Applied (Dup Pymt). Balance $5497.99 Invoice Paid 7/23/05 Ch 1244
COLORADO VETERANS ACTION,Issue Committee,6.49,2025-09-08 00:00:00,Paypal/Stripe,Aurora,CO,80013,Bank Fees,Donor Box Fee
COLORADO VETERANS ACTION,Issue Committee,3.4,2025-09-25 00:00:00,Paypal/Stripe,Aurora,CO,80013,Bank Fees,Donor Box Fee
COLORADO VETERANS ACTION,Issue Committee,1.77,2025-09-30 00:00:00,Paypal/Stripe,Aurora,CO,80013,Bank Fees,Donor Box Fees
COLORADO EMERGENCY REDISTRICTING POWERS COMMITTEE,Issue Committee,41.64,2025-10-01 00:00:00,Google Llc,Mountain View,CA,94043,Rent & Utilities,Google Suite
COLORADO EMERGENCY REDISTRICTING POWERS COMMITTEE,Issue Committee,57.8,2025-10-01 00:00:00,Google Llc,Mountain View,CA,94043,Advertising,Google Ads
HOSPITALITY ISSUE PAC (HIPAC),Issue Committee,277.39,2025-10-01 00:00:00,Heartland Payment Systems,Princeton,NJ,08542,Bank Fees,
SAFE AND HEALTHY COLORADO,Issue Committee,431.09,2025-10-01 00:00:00,Google,Mountain View,CA,94043,Advertising,
COLORADO LIFE INITIATIVE,Issue Committee,7.1,2025-10-02 00:00:00,Cornerstone Merchant Services,Las Vegas,NV,89117,Bank Fees,Payment Processing Fees 9/3/25-9/16/25
HOSPITALITY ISSUE PAC (HIPAC),Issue Committee,24.55,2025-10-02 00:00:00,Authorize.Net,American Fork,UT,84003,Bank Fees,
SAFE AND HEALTHY COLORADO,Issue Committee,116.54,2025-10-02 00:00:00,Paragon Payment Solutions,Tempe,AZ,85282,Miscellaneous,
COLORADO ADVOCATES FOR SMART WOLF POLICY,Issue Committee,1121.28,2025-10-03 00:00:00,Kltv,Colorado Springs,CO,80919,Consultant & Professional Services,"Mail Chimp $139.14   
Kap Printing $450   
Idonatepro $407.14"
PROTECT KIDS COLORADO,Issue Committee,676.46,2025-10-06 00:00:00,Update Printing,Colorado Springs,CO,80910,Other,Printing - Cards
COLORADANS FOR ACCOUNTABILITY,Issue Committee,750.0,2025-10-07 00:00:00,Rkg Development,Superior,CO,80027,Consultant & Professional Services,Compliance
CITIZENS FOR ARTS TO ZOO,Issue Committee,925.0,2025-10-08 00:00:00,Kk Ciruli Cpa,San Clemente,CA,92672,Consultant & Professional Services,
"PROTECTING COLORADOíS ENVIRONMENT, ECONOMY, AND ENERGY INDEPENDENCE (PROTECT COLORADO)",Issue Committee,2400.0,2025-10-09 00:00:00,"Strategic Compliance, Llc",Denver,CO,80205,Consultant & Professional Services,Compliance Consulting
COLORADO LIFE INITIATIVE,Issue Committee,259.0,2025-10-11 00:00:00,Flocknote,Magnolia,TX,77354,Miscellaneous,Software Fees 10/11-11/11/25
PROTECT KIDS COLORADO,Issue Committee,714.68,2025-10-13 00:00:00,Mark  Spengler,Colorado Springs,CO,80906,Other,"Supplies, Postage"
COLORADANS FOR ACCOUNTABILITY,Issue Committee,84.45,2025-10-14 00:00:00,Fortis Private Bank,Denver,CO,80202,Bank Fees,
COLORADO EMERGENCY REDISTRICTING POWERS COMMITTEE,Issue Committee,26.29,2025-10-14 00:00:00,Squarespace Inc,New York,NY,10014,Other,Squarespace Website Host
CITIZENS FOR ARTS TO ZOO,Issue Committee,29621.0,2025-10-15 00:00:00,Ciruli Associates Inc,Denver,CO,80201,Consultant & Professional Services,
COLORADANS PROTECTING WILDLIFE,Issue Committee,98.47,2025-10-15 00:00:00,Katie  Kennedy,Denver,CO,80205,Other,Reimbursement For Secretary Of State Filing Fee
COLORADO LIFE INITIATIVE,Issue Committee,20.0,2025-10-16 00:00:00,Douglas Parking Llc,Denver,CO,80202,Other,Parking For Title Board 10/15/25
SAFE AND HEALTHY COLORADO,Issue Committee,500.0,2025-10-29 00:00:00,Google,Mountain View,CA,94043,Advertising,
HOSPITALITY ISSUE PAC (HIPAC),Issue Committee,0.75,2025-10-31 00:00:00,Authorize.Net,American Fork,UT,84003,Bank Fees,
PUBLIC SCHOOLS STRONG,Issue Committee,4.0,2025-10-31 00:00:00,,,,,Bank Fees,
THE GOOD INITIATIVES,Issue Committee,3.0,2025-10-31 00:00:00,Elevations,Boulder,CO,80301,Bank Fees,Bank Statement Fee
SAFE AND HEALTHY COLORADO,Issue Committee,62.72,2025-11-01 00:00:00,Google,Mountain View,CA,94043,Advertising,
COLORADO LIFE INITIATIVE,Issue Committee,19.11,2025-11-02 00:00:00,Cornerstone Merchant Services,Las Vegas,NV,89117,Bank Fees,Payment Processing Fees 10/1/25-10/28/25
CITIZENS FOR ARTS TO ZOO,Issue Committee,6250.0,2025-11-03 00:00:00,Colorado Legislative Strategies,Denver,CO,80203,Consultant & Professional Services,
COLORADANS FOR ACCOUNTABILITY,Issue Committee,96.0,2025-11-03 00:00:00,United States Postal Service,Superior,CO,80027,Rent & Utilities,Po Box Renewal
COLORADO EMERGENCY REDISTRICTING POWERS COMMITTEE,Issue Committee,49.85,2025-11-03 00:00:00,Google Llc,Mountain View,CA,94043,Advertising,Google Ads
COLORADO EMERGENCY REDISTRICTING POWERS COMMITTEE,Issue Committee,39.6,2025-11-03 00:00:00,Google Llc,Mountain View,CA,94043,Rent & Utilities,Google Suite
COLORADO LIFE INITIATIVE,Issue Committee,17.82,2025-11-03 00:00:00,Usps,Brush,CO,80723,Miscellaneous,Postage
HOSPITALITY ISSUE PAC (HIPAC),Issue Committee,319.48,2025-11-03 00:00:00,Heartland Payment Systems,Princeton,NJ,08542,Bank Fees,
HOSPITALITY ISSUE PAC (HIPAC),Issue Committee,27.4,2025-11-03 00:00:00,Authorize.Net,American Fork,UT,84003,Bank Fees,
HOSPITALITY ISSUE PAC (HIPAC),Issue Committee,1.5,2025-11-03 00:00:00,Authorize.Net,American Fork,UT,84003,Bank Fees,
PUBLIC SCHOOLS STRONG,Issue Committee,250.0,2025-11-03 00:00:00,Scarlett Greene,Denver,CO,80206,Consultant & Professional Services,
SAFE AND HEALTHY COLORADO,Issue Committee,22.43,2025-11-03 00:00:00,Paragon Payment Solutions,Tempe,AZ,85282,Miscellaneous,
COLORADO LIFE INITIATIVE,Issue Committee,11.57,2025-11-05 00:00:00,Laz Parking,Denver,CO,80202,Other,Parking 11/5/25
COLORADANS FOR ACCOUNTABILITY,Issue Committee,800.0,2025-11-09 00:00:00,"Rita Kay Gilbert, Pc",Lakewood,CO,80227,Consultant & Professional Services,Certified Public Accountant
COLORADO LIFE INITIATIVE,Issue Committee,279.0,2025-11-11 00:00:00,Flocknote,Magnolia,TX,77354,Miscellaneous,Software Fees 10/11-11/11/25
COLORADANS FOR ACCOUNTABILITY,Issue Committee,84.78,2025-11-12 00:00:00,Fortis Private Bank,Denver,CO,80202,Bank Fees,
COLORADO EMERGENCY REDISTRICTING POWERS COMMITTEE,Issue Committee,26.29,2025-11-12 00:00:00,Squarespace Inc,New York,NY,10014,Other,Squarespace Website Host
PROTECT KIDS COLORADO,Issue Committee,1007.06,2025-11-13 00:00:00,Erin  Lee,Wellington,CO,80549,Other,Events
PROTECT KIDS COLORADO,Issue Committee,8640.0,2025-11-14 00:00:00,Pure Laughter Production,Colorado Springs,CO,80918,Other,Petitions
PROTECT KIDS COLORADO,Issue Committee,1084.59,2025-11-16 00:00:00,Mark  Spengler,Colorado Springs,CO,80906,Other,"Postage, Supplies, Promotional Event/Material"
PROTECT KIDS COLORADO,Issue Committee,250.72,2025-11-16 00:00:00,Lori  Gimelshteyn,Aurora,CO,80016,Other,Food/ Dining Event
SAFE AND HEALTHY COLORADO,Issue Committee,500.0,2025-11-20 00:00:00,Google,Mountain View,CA,94043,Advertising,
COLORADO EMERGENCY REDISTRICTING POWERS COMMITTEE,Issue Committee,1.19,2025-11-21 00:00:00,Actblue Technical Services,Boston,MA,02196-2017,Fundraising Expenses,Act Blue Fees
CITIZENS FOR COLORADO'S WATER INC,Issue Committee,75.0,2025-11-23 00:00:00,Karla  Shriver,Monte Vista,CO,81144,Miscellaneous,Reimbursement For Secretary Of State Filings For 4 Years
PUBLIC SCHOOLS STRONG,Issue Committee,4.0,2025-11-28 00:00:00,,,,,Bank Fees,
THE GOOD INITIATIVES,Issue Committee,3.0,2025-11-30 00:00:00,Elevations,Boulder,CO,80301,Bank Fees,Bank Statement Fee
COLORADO EMERGENCY REDISTRICTING POWERS COMMITTEE,Issue Committee,58.08,2025-12-01 00:00:00,Google Llc,Mountain View,CA,94043,Rent & Utilities,Google Suite
COLORADO LIFE INITIATIVE,Issue Committee,12.32,2025-12-01 00:00:00,Cornerstone Merchant Services,Las Vegas,NV,89117,Bank Fees,Payment Processing Fees 11/3/25-11/16/25
COLORADO LIFE INITIATIVE,Issue Committee,178.28,2025-12-01 00:00:00,The Ups Store,Fort Morgan,CO,80701,Miscellaneous,Mailing Services
HOSPITALITY ISSUE PAC (HIPAC),Issue Committee,285.65,2025-12-01 00:00:00,Heartland Payment Systems,Princeton,NJ,08542,Bank Fees,
HOSPITALITY ISSUE PAC (HIPAC),Issue Committee,25.25,2025-12-01 00:00:00,Authorize.Net,American Fork,UT,84003,Bank Fees,
HOSPITALITY ISSUE PAC (HIPAC),Issue Committee,1.5,2025-12-01 00:00:00,Heartland Payment Systems,Princeton,NJ,08542,Bank Fees,
SAFE AND HEALTHY COLORADO,Issue Committee,236.5,2025-12-01 00:00:00,Google,Mountain View,CA,94043,Advertising,
SAFE AND HEALTHY COLORADO,Issue Committee,22.13,2025-12-02 00:00:00,Paragon Payment Solutions,Tempe,AZ,85282,Miscellaneous,
COLORADO ADVOCATES FOR SMART WOLF POLICY,Issue Committee,1250.0,2025-12-05 00:00:00,William  Baber,Meridian,ID,83642,Consultant & Professional Services,Treasurer Services
COLORADO VETERANS ACTION,Issue Committee,1.86,2025-12-05 00:00:00,Paypal/Stripe,Aurora,CO,80013,Bank Fees,Donor Box Fee
COLORADANS FOR ACCOUNTABILITY,Issue Committee,1000.0,2025-12-07 00:00:00,Rkg Development,Superior,CO,80027,Consultant & Professional Services,Compliance
KEEP KIDS FED COLORADO,Issue Committee,3500.0,2025-12-07 00:00:00,Rkg Development,Superior,CO,80027,Consultant & Professional Services,
COLORADO EMERGENCY REDISTRICTING POWERS COMMITTEE,Issue Committee,26.29,2025-12-11 00:00:00,Squarespace Inc,New York,NY,10014,Other,Squarespace Website Host
COLORADO LIFE INITIATIVE,Issue Committee,259.0,2025-12-11 00:00:00,Flocknote,Magnolia,TX,77354,Miscellaneous,Software Fees 12/11/25-1/11/26
KEEP KIDS FED COLORADO,Issue Committee,2674.57,2025-12-11 00:00:00,Rkg Development,Superior,CO,80027,Consultant & Professional Services,
COLORADANS FOR ACCOUNTABILITY,Issue Committee,85.0,2025-12-12 00:00:00,Fortis Private Bank,Denver,CO,80202,Bank Fees,
RESTORE OUR ROADS,Issue Committee,24.3,2025-12-16 00:00:00,First Bank,Denver,CO,80231,Bank Fees,Eft
RESTORE OUR ROADS,Issue Committee,400000.0,2025-12-16 00:00:00,Blitz Canvassing,Denver,CO,80231,Consultant & Professional Services,Canvassing Services
CITIZENS FOR COLORADO'S WATER INC,Issue Committee,1422.0,2025-12-17 00:00:00,Colorado Water Congress,Denver,CO,80218,Miscellaneous,2026 Dues For Water Congress
PROTECT KIDS COLORADO,Issue Committee,8640.0,2025-12-18 00:00:00,Pure Laughter Production,Colorado Springs,CO,80918,Other,Petitions
SAFE AND HEALTHY COLORADO,Issue Committee,500.0,2025-12-20 00:00:00,Google,Mountain View,CA,94043,Advertising,
CITIZENS FOR ARTS TO ZOO,Issue Committee,20000.0,2025-12-21 00:00:00,New Bridge Strategy,Arvada,CO,80403,Consultant & Professional Services,
COLORADO LIFE INITIATIVE,Issue Committee,1216.37,2025-12-21 00:00:00,Life Support Inc.,Fort Collins,CO,80527,Advertising,"Inv 7022 Printing S&H $318.22
Inv 7032 Printing S&H $338.23
Inv 7033 Printing S&H $121.40
Inv 7066 Printing S&H $438.52"
PUBLIC SCHOOLS STRONG,Issue Committee,250.0,2025-12-23 00:00:00,Scarlett Greene,Denver,CO,80206,Consultant & Professional Services,
COLORADO ADVOCATES FOR SMART WOLF POLICY,Issue Committee,49.62,2025-12-26 00:00:00,Endeavor Bank,San Diego,CO,92101,Bank Fees,
COLORADO ADVOCATES FOR SMART WOLF POLICY,Issue Committee,26.38,2025-12-31 00:00:00,Efundraising Connections,Sacramento,CA,95816,Fundraising Expenses,
HOSPITALITY ISSUE PAC (HIPAC),Issue Committee,783.75,2025-12-31 00:00:00,Colorado Restaurant Association,Denver,CO,80203,Office Equipment & Supplies,
PUBLIC SCHOOLS STRONG,Issue Committee,4.0,2025-12-31 00:00:00,,,,,Bank Fees,
RESTORE OUR ROADS,Issue Committee,19074.51,2025-12-31 00:00:00,Cottrell Printing,Centennial,CO,80112,Consultant & Professional Services,Printing Services
THE GOOD INITIATIVES,Issue Committee,3.0,2025-12-31 00:00:00,Elevations,Boulder,CO,80301,Bank Fees,Bank Statement Fee
